Pclass,Sex,Age,SibSp,Parch,Fare,Cabin,Embarked,UnknownAge,Baby,Child,Young,FamilySize,Alone,Title,TicketGroup,Survived
3,1,0.2734560942001754,1,0,0.056604230248832196,7,0,0,0,0,1,2,0,2,0.0,0
1,0,0.4738819992484029,1,0,0.27827147076528136,2,1,0,0,0,0,2,0,1,189.0,1
3,0,0.32356257046223225,0,0,0.06187427927199933,7,0,0,0,0,1,1,1,1,0.0,1
1,0,0.43630214205186024,1,0,0.20728859491124066,2,0,0,0,0,0,2,0,1,19.0,1
3,1,0.43630214205186024,0,0,0.06285021427628955,7,0,0,0,0,0,1,1,2,0.0,0
3,1,0.311035951396718,0,0,0.06603800837430308,7,2,1,0,0,0,1,1,2,0.0,0
1,1,0.6743079042966303,0,0,0.20245771664000412,4,0,0,0,0,0,1,1,2,42.0,0
3,1,0.02292371288989102,3,1,0.032908528344665886,7,0,0,1,0,0,5,0,0,124.0,0
3,0,0.33608918952774647,0,2,0.028974339155371193,7,0,0,0,0,1,3,0,1,121.0,1
2,0,0.17324314167606164,1,0,0.11738858530804021,7,1,0,0,0,0,2,0,1,60.0,1
3,0,0.04797695102091946,1,1,0.04346163885772403,6,0,0,1,0,0,3,0,1,201.0,1
1,0,0.7244143805586872,0,0,0.20728859491124066,2,0,0,0,0,0,1,1,1,0.0,1
3,1,0.24840285606914697,0,0,0.06285021427628955,7,0,0,0,0,1,1,1,2,0.0,0
3,1,0.48640861831391713,1,5,0.03488270543905866,7,0,0,0,0,0,7,0,2,119.0,0
3,0,0.17324314167606164,0,0,0.061321509685569354,7,0,0,0,0,0,1,1,1,0.0,0
2,0,0.6868345233621446,0,0,0.12491968054914691,7,0,0,0,0,0,1,1,1,0.0,1
3,1,0.02292371288989102,4,1,0.037898809333269834,7,2,0,1,0,0,6,0,0,148.0,0
2,1,0.367405737191532,0,0,0.10149724044618187,7,0,1,0,0,0,1,1,2,0.0,1
3,0,0.38619566578980336,1,0,0.07026732030889514,7,0,0,0,0,0,2,0,1,112.0,0
3,0,0.2734560942001754,0,0,0.05640904324797415,7,1,1,0,0,0,1,1,1,0.0,1
2,1,0.43630214205186024,0,0,0.10149724044618187,7,0,0,0,0,0,1,1,2,63.0,0
2,1,0.423775522986346,0,0,0.10149724044618187,3,0,0,0,0,0,1,1,2,0.0,1
3,0,0.18576976074157586,0,0,0.06268781869157565,7,2,0,0,0,0,1,1,1,0.0,1
1,1,0.3486158085932607,0,0,0.27716554121841974,0,0,0,0,0,1,1,1,2,0.0,1
3,0,0.09808342728297632,3,1,0.032908528344665886,7,0,0,0,1,0,5,0,1,124.0,0
3,0,0.4738819992484029,1,5,0.035008182796753114,7,0,0,0,0,0,7,0,1,117.0,1
3,1,0.311035951396718,0,0,0.05640904324797415,7,1,1,0,0,0,1,1,2,0.0,0
1,1,0.23587623700363275,3,2,0.34222787483776707,2,0,0,0,0,1,6,0,2,48.0,0
3,0,0.2734560942001754,0,0,0.0615166966864274,7,2,1,0,0,0,1,1,1,0.0,1
3,1,0.311035951396718,0,0,0.061646300854997144,7,0,1,0,0,0,1,1,2,0.0,0
1,1,0.49893523737943135,0,0,0.2164295925354245,7,1,0,0,0,0,1,1,3,0.0,0
1,0,0.44882876111737446,1,0,0.3813194068709468,1,1,1,0,0,0,2,0,1,182.0,1
3,0,0.2734560942001754,0,0,0.060507970265993034,7,2,1,0,0,0,1,1,1,0.0,1
2,1,0.824627333082801,0,0,0.08197854036037766,7,0,0,0,0,0,1,1,2,0.0,0
1,1,0.3486158085932607,1,0,0.32077344020212006,7,1,0,0,0,1,2,0,2,191.0,0
1,1,0.5239884755104598,1,0,0.20299448089236374,7,0,0,0,0,0,2,0,2,16.0,0
3,1,0.311035951396718,0,0,0.0564418346641183,7,1,1,0,0,0,1,1,2,0.0,1
3,1,0.2609294751346612,0,0,0.06285021427628955,7,0,0,0,0,1,1,1,2,0.0,0
3,0,0.22334961793811853,2,0,0.07026732030889514,7,0,0,0,0,1,3,0,1,113.0,0
3,0,0.17324314167606164,1,0,0.04388467415091703,7,1,0,0,0,0,2,0,1,81.0,1
3,0,0.49893523737943135,1,0,0.07397587332519794,7,0,0,0,0,0,2,0,1,0.0,0
2,0,0.33608918952774647,1,0,0.08197854036037766,7,0,0,0,0,1,2,0,1,21.0,0
3,1,0.311035951396718,0,0,0.061646300854997144,7,1,1,0,0,0,1,1,2,0.0,0
2,0,0.035450331955405236,1,2,0.08115719346076702,7,1,0,1,0,0,4,0,1,209.0,1
3,0,0.23587623700363275,0,0,0.0615166966864274,7,2,0,0,0,1,1,1,1,0.0,1
3,1,0.311035951396718,0,0,0.06285021427628955,7,0,1,0,0,0,1,1,2,0.0,0
3,1,0.311035951396718,1,0,0.060507970265993034,7,2,1,0,0,0,2,0,2,143.0,0
3,0,0.2734560942001754,0,0,0.060507970265993034,7,2,1,0,0,0,1,1,1,0.0,1
3,1,0.311035951396718,2,0,0.05641997372002221,7,1,1,0,0,0,3,0,2,86.0,0
3,0,0.22334961793811853,1,0,0.06948657230546297,7,0,0,0,0,1,2,0,1,122.0,0
3,1,0.0855568082174621,4,1,0.044265623408877394,7,0,0,0,1,0,6,0,0,106.0,0
3,1,0.2609294751346612,0,0,0.06089834426770912,7,0,0,0,0,1,1,1,2,0.0,0
1,0,0.6116748089690592,1,0,0.1996872323498251,3,1,0,0,0,0,2,0,1,183.0,1
2,0,0.3611424276587749,1,0,0.10149724044618187,7,0,0,0,0,1,2,0,1,103.0,1
1,1,0.8121007140172868,0,1,0.2419506832716152,1,1,0,0,0,0,2,0,2,10.0,0
1,1,0.5239884755104598,0,0,0.27716554121841974,2,0,1,0,0,0,1,1,2,0.0,1
2,0,0.2609294751346612,0,0,0.08197854036037766,7,0,0,0,0,1,1,1,1,0.0,1
3,1,0.3548791181260178,0,0,0.0564418346641183,7,1,0,0,0,1,1,1,2,0.0,0
2,0,0.06050357008643368,1,2,0.05416439273810667,7,0,0,0,1,0,4,0,1,166.0,1
3,1,0.135663284479519,5,2,0.04577135170121086,7,0,0,0,0,0,8,0,0,169.0,0
3,1,0.2734560942001754,0,0,0.0564418346641183,7,1,0,0,0,1,1,1,2,0.0,0
1,0,0.4738819992484029,0,0,0.31229920137286726,1,1,0,0,0,0,1,1,1,11.0,1
1,1,0.5615683327070025,1,0,0.32586469793250117,2,0,0,0,0,0,2,0,2,140.0,0
3,1,0.04797695102091946,3,2,0.036304782159595816,7,0,0,1,0,0,6,0,0,120.0,0
1,1,0.5239884755104598,0,0,0.2164295925354245,7,1,1,0,0,0,1,1,2,0.0,0
3,1,0.311035951396718,1,1,0.03967709303575383,7,1,1,0,0,0,3,0,0,85.0,1
2,0,0.3611424276587749,0,0,0.08197854036037766,5,0,0,0,0,1,1,1,1,0.0,1
3,1,0.23587623700363275,0,0,0.06369576436400658,7,0,0,0,0,1,1,1,2,0.0,0
3,0,0.2108229988726043,4,2,0.06187427927199933,7,0,0,0,0,1,7,0,1,0.0,1
3,1,0.32356257046223225,2,0,0.06763229579731157,7,0,0,0,0,1,3,0,2,0.0,0
2,1,0.3987222848553176,0,0,0.08197854036037766,7,0,0,0,0,0,1,1,2,0.0,0
3,0,0.19829637980709008,5,2,0.04577135170121086,7,0,0,0,0,1,8,0,1,169.0,0
2,1,0.2609294751346612,0,0,0.08197854036037766,7,0,0,0,0,1,1,1,2,205.0,0
3,1,0.32356257046223225,1,0,0.05642543895604623,7,1,0,0,0,1,2,0,2,92.0,0
3,1,0.3987222848553176,0,0,0.055136228815378864,7,0,0,0,0,0,1,1,2,38.0,1
3,1,0.311035951396718,0,0,0.05972722226256087,6,0,0,0,0,1,1,1,2,0.0,0
3,1,0.311035951396718,0,0,0.061646300854997144,7,0,1,0,0,0,1,1,2,0.0,0
3,1,0.311035951396718,0,0,0.06285021427628955,7,0,1,0,0,0,1,1,2,0.0,0
2,1,0.008267568583239383,0,2,0.07547230699844293,7,0,0,1,0,0,3,0,0,71.0,1
3,0,0.37366904672428913,0,0,0.04869915671408149,7,0,0,0,0,1,1,1,1,133.0,1
3,1,0.2734560942001754,0,0,0.07026732030889514,7,0,0,0,0,1,1,1,2,0.0,0
3,1,0.3611424276587749,0,0,0.07417106032605598,7,0,0,0,0,1,1,1,2,0.0,1
3,0,0.2734560942001754,0,0,0.060800750767280094,7,2,1,0,0,0,1,1,1,0.0,1
1,1,0.3486158085932607,0,0,0.18386615480827562,7,0,0,0,0,1,1,1,2,7.0,0
2,0,0.2108229988726043,0,0,0.08197854036037766,7,0,0,0,0,1,1,1,1,0.0,1
3,0,0.4112489039208318,3,0,0.06187427927199933,7,0,0,0,0,0,4,0,1,105.0,1
3,1,0.19829637980709008,1,3,0.05367642523596156,7,0,0,0,0,1,5,0,2,213.0,0
3,1,0.311035951396718,0,0,0.06285021427628955,7,0,1,0,0,0,1,1,2,0.0,0
1,0,0.28598271326568964,3,2,0.34222787483776707,2,0,0,0,0,1,6,0,1,48.0,1
3,1,0.2985093323312038,0,0,0.06285021427628955,7,0,0,0,0,1,1,1,2,0.0,0
3,1,0.3611424276587749,0,0,0.06285021427628955,7,0,0,0,0,1,1,1,2,0.0,0
3,1,0.24840285606914697,0,0,0.061321509685569354,7,0,0,0,0,1,1,1,2,0.0,0
1,1,0.5740949517725167,1,0,0.23881129554981445,4,0,0,0,0,0,2,0,2,214.0,0
3,1,0.32356257046223225,1,2,0.04015972542654215,7,0,0,0,0,1,4,0,2,160.0,0
3,1,0.7369409996242015,0,0,0.056604230248832196,7,0,0,0,0,0,1,1,2,0.0,0
3,1,0.311035951396718,0,0,0.06285021427628955,7,0,1,0,0,0,1,1,2,0.0,0
1,1,0.8872604284103721,0,0,0.27056197460539044,0,1,0,0,0,0,1,1,2,0.0,0
1,1,0.28598271326568964,0,1,0.24733433112928171,3,1,0,0,0,1,2,0,2,198.0,1
2,0,0.423775522986346,0,1,0.08978602039469935,7,0,0,0,0,0,2,0,1,58.0,1
2,1,0.423775522986346,1,0,0.10149724044618187,7,0,0,0,0,0,2,0,2,69.0,0
3,0,0.3486158085932607,0,0,0.061646300854997144,7,0,0,0,0,1,1,1,1,0.0,0
3,1,0.311035951396718,0,0,0.061646300854997144,7,0,1,0,0,0,1,1,2,0.0,0
1,1,0.2609294751346612,0,1,0.3017103065763185,3,0,0,0,0,1,2,0,2,129.0,0
3,1,0.4112489039208318,0,0,0.0675674937130267,7,0,0,0,0,0,1,1,2,0.0,0
3,1,0.4613553801828887,2,0,0.06187427927199933,7,0,0,0,0,0,3,0,2,0.0,0
3,1,0.3486158085932607,0,0,0.061646300854997144,7,0,0,0,0,1,1,1,2,0.0,0
3,0,0.2609294751346612,0,0,0.05972722226256087,7,0,0,0,0,1,1,1,1,0.0,1
3,1,0.311035951396718,0,0,0.060703157266851084,7,0,1,0,0,0,1,1,2,0.0,1
3,1,0.4738819992484029,0,0,0.061646300854997144,7,0,0,0,0,0,1,1,2,0.0,0
3,0,0.2734560942001754,1,0,0.06285021427628953,7,2,1,0,0,0,2,0,1,144.0,1
1,1,0.5866215708380309,0,0,0.20299448089236374,2,0,0,0,0,0,1,1,2,2.0,0
3,0,0.17950645120881875,1,0,0.05642543895604623,7,1,0,0,0,0,2,0,1,87.0,0
3,1,0.2734560942001754,0,0,0.06285021427628955,7,0,0,0,0,1,1,1,2,0.0,0
3,0,0.24840285606914697,1,0,0.07670849133721053,7,0,0,0,0,1,2,0,1,0.0,0
3,0,0.2108229988726043,0,0,0.056441444290116584,7,1,0,0,0,1,1,1,1,78.0,0
3,1,0.2609294751346612,0,0,0.06187427927199933,7,0,0,0,0,1,1,1,2,0.0,0
3,1,0.880997118877615,0,0,0.060507970265993034,7,2,0,0,0,0,1,1,2,0.0,0
2,1,0.3611424276587749,1,0,0.08197854036037766,7,0,0,0,0,1,2,0,2,21.0,0
1,1,0.2985093323312038,0,1,0.6441712346931101,1,1,0,0,0,1,2,0,2,181.0,0
3,0,0.02292371288989102,4,2,0.03488270543905866,7,0,0,1,0,0,7,0,1,119.0,0
2,1,0.2609294751346612,2,0,0.08197854036037766,7,0,0,0,0,1,3,0,2,205.0,0
3,1,0.311035951396718,0,0,0.06285021427628955,7,0,1,0,0,0,1,1,2,0.0,0
2,1,0.4049855943880747,1,0,0.11738858530804021,7,1,0,0,0,0,2,0,2,60.0,0
2,0,0.4049855943880747,0,0,0.10149724044618187,4,0,0,0,0,0,1,1,1,0.0,1
1,1,0.6743079042966303,0,1,0.3017103065763185,3,0,0,0,0,0,2,0,2,129.0,0
3,1,0.1481899035450332,1,0,0.04388467415091703,7,1,0,0,0,0,2,0,0,81.0,1
3,1,0.311035951396718,0,0,0.060507970265993034,7,2,1,0,0,0,1,1,2,0.0,0
3,1,0.2985093323312038,0,0,0.05575868016111516,7,0,0,0,0,1,1,1,2,0.0,1
3,0,0.2734560942001754,1,1,0.058187326950458154,4,1,1,0,0,0,3,0,1,89.0,1
3,1,0.5615683327070025,0,0,0.05445717323939373,7,0,0,0,0,0,1,1,2,0.0,0
3,1,0.4112489039208318,0,0,0.061646300854997144,7,1,0,0,0,0,1,1,2,0.0,0
3,1,0.24840285606914697,0,0,0.05504273424196786,7,0,0,0,0,1,1,1,2,0.0,0
3,0,0.5866215708380309,1,0,0.056604230248832196,7,0,0,0,0,0,2,0,1,157.0,0
2,0,0.3611424276587749,1,0,0.10149724044618187,7,0,0,0,0,1,2,0,1,54.0,1
2,1,0.311035951396718,0,0,0.10149724044618187,7,0,0,0,0,1,1,1,2,0.0,0
2,1,0.28598271326568964,0,0,0.11746978310039716,7,1,0,0,0,1,1,1,2,0.0,0
1,0,0.23587623700363275,0,2,0.20520633998608706,3,0,0,0,0,1,3,0,1,0.0,1
1,1,0.4613553801828887,1,0,0.20728859491124066,2,0,0,0,0,0,2,0,2,19.0,0
3,1,0.19829637980709008,0,0,0.03597960061616632,7,0,0,0,0,1,1,1,2,154.0,0
1,1,0.2985093323312038,0,0,0.30917620935913864,1,1,0,0,0,1,1,1,2,187.0,0
3,0,0.2734560942001754,0,2,0.03967709303575383,7,1,1,0,0,0,3,0,1,91.0,0
3,0,0.2734560942001754,0,0,0.060507970265993034,7,0,0,0,0,1,1,1,1,0.0,1
3,0,0.2985093323312038,1,0,0.06187427927199933,7,0,0,0,0,1,2,0,1,211.0,1
3,1,0.23587623700363275,0,0,0.05270049023167135,7,2,0,0,0,1,1,1,2,0.0,0
2,1,0.22334961793811853,0,0,0.08978602039469935,7,0,0,0,0,1,1,1,2,0.0,0
2,1,0.23587623700363275,1,1,0.07173122281533045,7,0,0,0,0,1,3,0,2,164.0,0
3,1,0.33608918952774647,0,0,0.06086555285156497,7,0,0,0,0,1,1,1,2,0.0,1
3,0,0.11061004634849055,2,2,0.05367642523596156,7,0,0,0,1,0,5,0,1,213.0,0
2,1,0.4550920706501316,0,2,0.06766482696412124,5,0,0,0,0,0,3,0,2,55.0,0
2,1,0.5239884755104598,0,0,0.10149724044618187,7,0,0,0,0,0,1,1,3,0.0,0
2,1,0.6367280471000877,0,0,0.09778868742987908,7,0,0,0,0,0,1,1,3,0.0,0
1,0,0.2734560942001754,1,0,0.25998908514291197,2,0,0,0,0,1,2,0,1,14.0,1
3,1,0.6930978328949017,0,0,0.06285021427628955,7,0,0,0,0,0,1,1,2,0.0,0
3,1,0.5051985469121885,0,2,0.037736153499221464,7,0,0,0,0,0,3,0,2,158.0,0
3,1,0.311035951396718,0,0,0.0570921977509773,7,0,1,0,0,0,1,1,2,0.0,0
1,1,0.6367280471000877,0,1,0.2396084392613187,7,1,0,0,0,0,2,0,2,188.0,0
3,0,0.19829637980709008,0,0,0.060377585349419866,7,2,0,0,0,1,1,1,1,0.0,1
3,1,0.37366904672428913,0,0,0.06285021427628955,7,0,0,0,0,1,1,1,2,0.0,0
3,1,0.311035951396718,0,0,0.06763229579731157,7,0,1,0,0,0,1,1,2,0.0,0
3,1,0.311035951396718,8,2,0.04936456694427936,7,0,1,0,0,0,11,0,0,171.0,0
3,1,0.5490417136414882,0,1,0.06285021427628955,7,0,0,0,0,0,2,0,2,145.0,0
2,0,0.49893523737943135,0,0,0.061483905270283246,7,0,0,0,0,0,1,1,1,165.0,1
3,1,0.32356257046223225,0,0,0.060703157266851084,7,0,0,0,0,1,1,1,2,0.0,0
3,1,0.2108229988726043,0,0,0.06763229579731157,7,0,0,0,0,1,1,1,2,0.0,0
3,1,0.0103970938243768,4,1,0.044265623408877394,7,0,0,1,0,0,6,0,0,106.0,0
3,1,0.11061004634849055,0,2,0.05341617590148417,7,0,0,0,1,0,3,0,0,131.0,1
1,0,0.44882876111737446,0,1,0.21470570094384625,4,0,1,0,0,0,2,0,1,9.0,1
3,0,0.5615683327070025,1,4,0.036304782159595816,7,0,0,0,0,0,6,0,1,120.0,0
1,1,0.5239884755104598,0,0,0.20240891988978962,7,0,1,0,0,0,1,1,2,0.0,0
3,1,0.3486158085932607,0,0,0.055136228815378864,7,0,0,0,0,1,1,1,2,38.0,0
1,1,0.7619942377552299,0,0,0.26155058114977636,1,0,0,0,0,0,1,1,2,0.0,0
3,1,0.04797695102091946,4,1,0.037898809333269834,7,2,0,1,0,0,6,0,0,148.0,0
3,0,0.0103970938243768,1,1,0.028974339155371193,7,0,0,1,0,0,3,0,1,121.0,1
3,1,0.2609294751346612,0,0,0.06187427927199933,7,0,0,0,0,1,1,1,2,0.0,0
1,1,0.6993611424276588,0,0,0.23965684563753148,0,1,0,0,0,0,1,1,2,0.0,0
3,1,0.22334961793811853,1,1,0.061321509685569354,7,0,0,0,0,1,3,0,2,0.0,0
3,1,0.311035951396718,3,1,0.039766150358011995,7,0,1,0,0,0,5,0,0,152.0,0
1,0,0.6242014280345735,0,0,0.2241722704854613,2,1,0,0,0,0,1,1,1,0.0,0
2,1,0.37366904672428913,0,0,0.10149724044618187,7,0,0,0,0,1,1,1,2,0.0,0
3,1,0.44882876111737446,0,0,0.0,7,0,0,0,0,0,1,1,2,176.0,0
3,0,0.2734560942001754,8,2,0.04936456694427936,7,0,1,0,0,0,11,0,1,171.0,0
2,1,0.367405737191532,0,0,0.11750257451654132,7,1,1,0,0,0,1,1,2,0.0,0
3,1,0.11061004634849055,4,2,0.035008182796753114,7,0,0,0,1,0,7,0,0,117.0,0
2,1,0.0103970938243768,2,1,0.07612293033463641,5,0,0,1,0,0,4,0,0,56.0,1
3,0,0.04797695102091946,0,2,0.05731991591864501,7,0,0,1,0,0,3,0,1,109.0,1
1,1,0.5239884755104598,0,0,0.3903740017160841,0,0,1,0,0,0,1,1,2,0.0,0
3,0,0.2734560942001754,1,0,0.060507970265993034,7,2,1,0,0,0,2,0,1,142.0,1
1,1,0.5615683327070025,0,0,0.20728859491124066,7,0,0,0,0,0,1,1,2,0.0,1
3,1,0.49893523737943135,1,1,0.060507970265993034,7,2,0,0,0,0,3,0,2,134.0,0
3,1,0.44882876111737446,0,0,0.061646300854997144,7,0,0,0,0,0,1,1,2,0.0,0
2,0,0.3987222848553176,0,0,0.10149724044618187,7,0,0,0,0,0,1,1,1,0.0,1
2,1,0.23587623700363275,0,0,0.10149724044618187,7,0,0,0,0,1,1,1,2,0.0,0
3,0,0.23587623700363275,1,0,0.061321509685569354,7,0,0,0,0,1,2,0,1,0.0,1
2,1,0.035450331955405236,1,1,0.06766482696412124,5,0,0,1,0,0,3,0,0,55.0,1
1,0,0.5490417136414882,0,0,0.2164295925354245,1,1,0,0,0,0,1,1,1,0.0,1
1,0,0.7244143805586872,0,0,0.3813194068709468,1,1,0,0,0,0,1,1,1,182.0,1
3,1,0.311035951396718,0,0,0.060507970265993034,7,2,1,0,0,0,1,1,2,0.0,0
3,1,0.5239884755104598,0,1,0.06561562370444628,7,0,0,0,0,0,2,0,2,0.0,0
3,0,0.2734560942001754,0,0,0.060507970265993034,7,2,1,0,0,0,1,1,1,0.0,1
2,0,0.2985093323312038,0,0,0.10149724044618187,7,0,0,0,0,1,1,1,1,0.0,0
3,1,0.3486158085932607,0,0,0.07417106032605598,7,0,0,0,0,1,1,1,2,0.0,0
3,1,0.311035951396718,8,2,0.04936456694427936,7,0,1,0,0,0,11,0,2,171.0,0
3,1,0.423775522986346,0,0,0.050715828806946785,7,0,0,0,0,0,1,1,2,0.0,0
3,1,0.5678316422397596,0,0,0.05640904324797415,7,1,0,0,0,0,1,1,2,0.0,0
3,1,0.22334961793811853,0,0,0.06285021427628955,7,0,0,0,0,1,1,1,2,0.0,1
3,0,0.02292371288989102,0,1,0.0408428799295453,6,0,0,1,0,0,2,0,1,115.0,0
3,1,0.3987222848553176,1,0,0.06187427927199933,7,0,0,0,0,0,2,0,2,105.0,0
3,1,0.32356257046223225,0,0,0.07334151557240931,7,1,0,0,0,1,1,1,2,95.0,1
3,0,0.19829637980709008,0,0,0.060507970265993034,7,2,0,0,0,1,1,1,1,0.0,1
1,1,0.49893523737943135,0,0,0.24203188106397214,0,1,0,0,0,0,1,1,2,0.0,1
3,1,0.2985093323312038,0,0,0.05504273424196786,7,0,0,0,0,1,1,1,2,0.0,0
2,0,0.43630214205186024,0,0,0.08197854036037766,7,0,0,0,0,0,1,1,1,173.0,1
3,1,0.2734560942001754,0,0,0.056604230248832196,7,0,0,0,0,1,1,1,2,0.0,0
2,1,0.37366904672428913,0,0,0.10149724044618187,7,0,0,0,0,1,1,1,2,0.0,0
3,1,0.311035951396718,1,0,0.060507970265993034,7,2,1,0,0,0,2,0,2,0.0,0
1,0,0.38619566578980336,1,0,0.29479743362926286,3,1,0,0,0,0,2,0,1,128.0,1
3,0,0.33608918952774647,0,0,0.06187427927199933,7,0,0,0,0,1,1,1,1,0.0,1
2,1,0.5239884755104598,1,0,0.1054009804633427,7,0,0,0,0,0,2,0,2,66.0,0
1,0,0.3987222848553176,0,0,0.29782296226722976,3,1,0,0,0,0,1,1,1,28.0,1
2,1,0.37366904672428913,0,0,0.08197854036037766,7,0,0,0,0,1,1,1,2,0.0,0
3,1,0.19829637980709008,0,0,0.06285021427628955,7,0,0,0,0,1,1,1,2,0.0,1
2,1,0.33608918952774647,0,0,0.10149724044618187,7,0,0,0,0,1,1,1,2,0.0,0
3,1,0.6367280471000877,0,0,0.06285021427628955,7,0,0,0,0,0,1,1,2,0.0,0
3,1,0.311035951396718,0,0,0.061646300854997144,7,0,1,0,0,0,1,1,2,0.0,0
1,1,0.4738819992484029,1,0,0.3513366015444757,2,0,0,0,0,0,2,0,2,47.0,1
3,1,0.2734560942001754,0,0,0.07299993832090773,7,0,0,0,0,1,1,1,2,0.0,0
2,1,0.23587623700363275,0,0,0.08197854036037766,7,0,0,0,0,1,1,1,2,0.0,1
3,1,0.2546661656019041,0,0,0.056604230248832196,7,0,0,0,0,1,1,1,2,0.0,0
2,1,0.22334961793811853,0,0,0.10149724044618187,7,0,0,0,0,1,1,1,2,0.0,0
3,0,0.2734560942001754,3,1,0.039766150358011995,7,0,1,0,0,0,5,0,1,152.0,0
1,0,0.43630214205186024,1,0,0.32586469793250117,2,0,0,0,0,0,2,0,1,140.0,1
3,1,0.3611424276587749,0,0,0.060703157266851084,7,0,0,0,0,1,1,1,2,0.0,0
2,1,0.7369409996242015,0,0,0.1054009804633427,7,0,0,0,0,0,1,1,2,0.0,0
3,0,0.06050357008643368,4,2,0.035008182796753114,7,0,0,0,1,0,7,0,1,117.0,1
2,1,0.2985093323312038,0,0,0.08197854036037766,7,0,0,0,0,1,1,1,2,0.0,0
3,0,0.2734560942001754,0,0,0.058946474259128696,7,0,1,0,0,0,1,1,1,0.0,0
2,1,0.5490417136414882,1,0,0.10149724044618187,7,0,0,0,0,0,2,0,2,90.0,0
2,0,0.09808342728297632,0,2,0.06831545030031472,7,0,0,0,1,0,3,0,1,163.0,1
2,1,0.23587623700363275,0,0,0.08197854036037766,7,0,0,0,0,1,1,1,2,0.0,0
2,1,0.4112489039208318,0,0,0.09583681742129865,7,0,0,0,0,0,1,1,2,0.0,0
3,0,0.2734560942001754,1,0,0.05642543895604623,7,1,1,0,0,0,2,0,1,87.0,0
3,0,0.2734560942001754,1,0,0.060507970265993034,7,2,1,0,0,0,2,0,1,137.0,1
2,1,0.3611424276587749,0,0,0.08197854036037766,7,0,0,0,0,1,1,1,2,0.0,0
3,1,0.2734560942001754,0,0,0.055628295244541985,7,0,0,0,0,1,1,1,2,0.0,0
3,1,0.37366904672428913,0,0,0.05640904324797415,7,1,0,0,0,1,1,1,2,0.0,0
1,1,0.5490417136414882,2,0,0.23422440102965048,2,2,0,0,0,0,3,0,3,46.0,0
3,0,0.311035951396718,0,0,0.060703157266851084,7,0,0,0,0,1,1,1,1,0.0,0
2,0,0.2985093323312038,0,2,0.056604230248832196,7,0,0,0,0,1,3,0,1,74.0,1
1,1,0.4613553801828887,1,1,0.20515793360987428,3,0,0,0,0,0,3,0,2,22.0,1
2,1,0.6743079042966303,1,0,0.10149724044618187,7,0,0,0,0,0,2,0,3,67.0,0
3,1,0.311035951396718,0,0,0.056604230248832196,7,0,1,0,0,0,1,1,2,0.0,0
3,0,0.3611424276587749,1,1,0.0408428799295453,6,0,0,0,0,1,3,0,1,115.0,0
1,1,0.7745208568207441,0,0,0.20728859491124066,2,0,0,0,0,0,1,1,2,0.0,0
3,1,0.37366904672428913,1,0,0.06285021427628955,7,0,0,0,0,1,2,0,2,156.0,0
3,0,0.5114618564449456,0,2,0.052602896731242334,7,0,0,0,0,0,3,0,1,141.0,0
3,0,0.3611424276587749,0,2,0.03967709303575383,7,1,0,0,0,1,3,0,1,80.0,1
1,0,0.44882876111737446,0,0,0.30917620935913864,7,1,1,0,0,0,1,1,1,185.0,1
1,0,0.37366904672428913,0,0,0.22511567432294183,1,0,0,0,0,1,1,1,1,0.0,1
1,0,0.43630214205186024,0,0,1.0,7,1,0,0,0,0,1,1,1,194.0,1
2,0,0.6242014280345735,0,1,0.10149724044618187,7,0,0,0,0,0,2,0,1,57.0,1
3,1,0.311035951396718,0,0,0.060507970265993034,7,2,1,0,0,0,1,1,2,0.0,0
3,1,0.035450331955405236,4,2,0.035008182796753114,7,0,0,1,0,0,7,0,0,117.0,1
1,1,0.6492546661656019,1,1,0.20728859491124066,4,0,0,0,0,0,3,0,2,1.0,0
1,1,0.49893523737943135,0,0,0.0,1,0,0,0,0,0,1,1,2,0.0,0
3,0,0.2734560942001754,0,0,0.060507970265993034,7,2,1,0,0,0,1,1,1,0.0,0
2,1,0.44882876111737446,0,0,0.08197854036037766,7,0,0,0,0,0,1,1,2,0.0,0
3,1,0.19829637980709008,4,1,0.044265623408877394,7,0,0,0,0,1,6,0,2,106.0,0
3,1,0.311035951396718,1,0,0.060703157266851084,7,0,0,0,0,1,2,0,2,0.0,1
1,0,0.7244143805586872,0,1,0.3993851349223637,2,0,0,0,0,0,2,0,1,184.0,1
1,0,0.43630214205186024,0,0,0.2647385704347907,2,0,0,0,0,0,1,1,1,199.0,1
1,1,0.5239884755104598,0,0,0.12101594053198607,7,0,1,0,0,0,1,1,2,18.0,0
3,1,0.311035951396718,0,0,0.0,7,0,0,0,0,1,1,1,2,176.0,1
2,0,0.5114618564449456,0,1,0.07612293033463641,7,0,0,0,0,0,2,0,1,72.0,1
1,1,0.4613553801828887,0,1,0.23188215701935394,2,1,0,0,0,0,2,0,2,0.0,0
3,0,0.2734560942001754,0,0,0.060507970265993034,7,2,1,0,0,0,1,1,1,0.0,1
1,0,0.7870474758862583,1,0,0.20288595691988665,3,0,0,0,0,0,2,0,1,33.0,1
3,0,0.5615683327070025,0,0,0.060507970265993034,7,0,0,0,0,0,1,1,1,0.0,0
2,1,0.367405737191532,0,0,0.0,7,0,1,0,0,0,1,1,2,62.0,0
3,1,0.0855568082174621,4,1,0.037898809333269834,7,2,0,0,1,0,6,0,0,148.0,0
3,0,0.43630214205186024,1,1,0.05270049023167135,7,0,0,0,0,0,3,0,1,161.0,1
3,1,0.8121007140172868,0,0,0.060507970265993034,7,2,0,0,0,0,1,1,2,0.0,0
3,1,0.3486158085932607,0,0,0.061321509685569354,7,0,0,0,0,1,1,1,2,0.0,0
3,1,0.19829637980709008,0,0,0.07417106032605598,7,0,0,0,0,1,1,1,2,0.0,0
3,1,0.23587623700363275,0,0,0.06285021427628955,7,0,0,0,0,1,1,1,2,0.0,1
1,1,0.5239884755104598,0,0,0.20299448089236374,0,0,1,0,0,0,1,1,2,0.0,0
3,1,0.4112489039208318,0,0,0.06763229579731157,7,1,0,0,0,0,1,1,2,0.0,0
3,1,0.37366904672428913,0,0,0.07417106032605598,7,0,0,0,0,1,1,1,2,0.0,1
3,1,0.2734560942001754,0,0,0.061646300854997144,7,0,0,0,0,1,1,1,2,0.0,0
2,1,0.5239884755104598,0,0,0.10149724044618187,7,0,0,0,0,0,1,1,2,0.0,1
3,0,0.2734560942001754,0,0,0.060507970265993034,7,2,0,0,0,1,1,1,1,0.0,1
1,0,0.32356257046223225,0,0,0.20520660023542153,7,0,0,0,0,1,1,1,1,45.0,1
1,0,0.23587623700363275,1,0,0.3555495177709957,1,1,0,0,0,1,2,0,1,29.0,1
2,1,0.44882876111737446,0,0,0.10052130544189165,3,1,0,0,0,0,1,1,2,0.0,0
3,0,0.2985093323312038,0,0,0.06909619830374689,7,0,0,0,0,1,1,1,1,0.0,0
3,1,0.2985093323312038,0,0,0.061646300854997144,7,0,0,0,0,1,1,1,2,0.0,0
1,1,0.5239884755104598,0,0,0.2164295925354245,7,1,1,0,0,0,1,1,2,0.0,0
3,1,0.29224602279844675,0,0,0.0564418346641183,7,1,0,0,0,1,1,1,2,0.0,0
1,0,0.02292371288989102,1,2,0.19720393320024185,2,0,0,1,0,0,4,0,1,15.0,0
1,1,0.5239884755104598,0,0,0.2381281410468113,2,0,1,0,0,0,1,1,2,0.0,1
1,0,0.6242014280345735,0,1,0.6441712346931101,1,1,0,0,0,0,2,0,1,181.0,1
3,0,0.2734560942001754,0,0,0.060507970265993034,7,2,1,0,0,0,1,1,1,0.0,1
3,1,0.311035951396718,2,0,0.060507970265993034,7,2,1,0,0,0,3,0,2,136.0,1
3,1,0.23587623700363275,0,0,0.0,7,0,0,0,0,1,1,1,2,176.0,0
2,0,0.3486158085932607,0,0,0.09642237842387277,4,2,1,0,0,0,1,1,1,0.0,1
3,1,0.311035951396718,0,0,0.06285021427628955,7,0,1,0,0,0,1,1,2,0.0,0
1,1,0.009394964299135665,1,2,0.19720393320024185,2,0,0,1,0,0,4,0,0,15.0,1
1,0,0.44882876111737446,0,0,0.21642978772242535,7,1,1,0,0,0,1,1,1,40.0,1
1,0,0.2108229988726043,1,0,0.2834115252458771,2,1,0,0,0,1,2,0,1,197.0,1
2,1,0.37366904672428913,1,0,0.09368976041186018,7,1,0,0,0,1,2,0,2,177.0,0
1,0,0.37366904672428913,0,0,0.22223679618495296,4,1,0,0,0,1,1,1,1,180.0,1
1,0,0.2985093323312038,0,0,0.2164189223127109,2,1,0,0,0,1,1,1,1,25.0,1
1,0,0.22334961793811853,2,2,0.2926410820007359,1,1,0,0,0,1,5,0,1,192.0,1
2,0,0.32356257046223225,1,1,0.10149724044618187,7,0,0,0,0,1,3,0,1,75.0,0
3,1,0.3486158085932607,0,0,0.061646300854997144,7,0,0,0,0,1,1,1,2,0.0,0
2,1,0.536515094575974,1,1,0.06831545030031472,7,0,0,0,0,0,3,0,2,174.0,0
3,0,0.32356257046223225,0,0,0.061321509685569354,7,0,0,0,0,1,1,1,1,0.0,1
2,0,0.2985093323312038,1,0,0.10149724044618187,7,0,0,0,0,1,2,0,1,69.0,1
2,1,0.6743079042966303,0,0,0.10930472048050355,7,0,0,0,0,0,1,1,3,0.0,0
1,0,0.38619566578980336,0,2,0.32179836714362564,2,0,0,0,0,0,3,0,1,138.0,1
1,0,0.49893523737943135,1,1,0.21002121292325324,4,1,0,0,0,0,3,0,1,39.0,1
3,1,0.2734560942001754,0,0,0.056604230248832196,7,0,0,0,0,1,1,1,2,0.0,0
3,1,0.33608918952774647,0,0,0.061646300854997144,7,0,0,0,0,1,1,1,2,0.0,0
2,0,0.37366904672428913,0,0,0.09642237842387277,7,2,0,0,0,1,1,1,1,0.0,1
2,0,0.2734560942001754,1,1,0.07547230699844293,7,0,0,0,0,1,3,0,1,71.0,1
3,1,0.311035951396718,8,2,0.04936456694427936,7,0,1,0,0,0,11,0,2,171.0,0
1,0,0.44882876111737446,0,0,0.2647385704347907,2,1,0,0,0,0,1,1,1,199.0,1
3,1,0.7619942377552299,0,0,0.04869915671408149,7,0,0,0,0,0,1,1,2,0.0,0
2,0,0.44882876111737446,0,0,0.10149724044618187,3,0,0,0,0,0,1,1,1,0.0,1
3,0,0.38619566578980336,1,1,0.05341617590148417,7,0,0,0,0,0,3,0,1,131.0,1
1,0,0.19829637980709008,0,1,0.22633572320297182,1,1,0,0,0,1,2,0,1,4.0,1
3,0,0.2734560942001754,2,0,0.060507970265993034,7,2,1,0,0,0,3,0,1,136.0,1
1,1,0.5678316422397596,0,0,0.22251318097816794,2,0,0,0,0,0,1,1,2,0.0,0
1,1,0.4738819992484029,0,1,0.3993851349223637,2,0,0,0,0,0,2,0,2,184.0,0
3,1,0.19829637980709008,2,0,0.07026732030889514,7,0,0,0,0,1,3,0,2,113.0,0
1,0,0.44882876111737446,1,0,0.5217348532935464,7,0,1,0,0,0,2,0,1,193.0,1
3,1,0.311035951396718,0,0,0.061646300854997144,7,0,1,0,0,0,1,1,2,0.0,0
1,1,0.3611424276587749,1,0,0.25998908514291197,2,0,0,0,0,1,2,0,2,14.0,0
1,0,0.5114618564449456,0,0,0.21002121292325324,4,1,0,0,0,0,1,1,1,39.0,1
3,1,0.5615683327070025,0,0,0.06285021427628955,7,0,0,0,0,0,1,1,2,0.0,1
1,1,0.5615683327070025,0,0,0.27716554121841974,8,0,0,0,0,0,1,1,2,0.0,0
2,1,0.02292371288989102,1,1,0.06766482696412124,5,0,0,1,0,0,3,0,0,55.0,1
1,0,0.2985093323312038,3,2,0.34222787483776707,2,0,0,0,0,1,6,0,1,48.0,1
2,1,0.3486158085932607,0,0,0.10149724044618187,7,0,0,0,0,1,1,1,2,0.0,0
2,1,0.311035951396718,0,0,0.10149724044618187,7,0,0,0,0,1,1,1,2,0.0,0
2,1,0.44882876111737446,0,0,0.10149724044618187,7,0,0,0,0,0,1,1,2,0.0,0
2,0,0.2985093323312038,0,0,0.10149724044618187,5,0,0,0,0,1,1,1,1,0.0,1
2,0,0.49893523737943135,0,0,0.10149724044618187,7,0,0,0,0,0,1,1,1,0.0,1
3,0,0.2734560942001754,1,0,0.06285021427628955,7,0,1,0,0,0,2,0,1,149.0,1
3,1,0.035450331955405236,1,1,0.041379644181904915,7,0,0,1,0,0,3,0,0,167.0,1
3,1,0.5239884755104598,0,0,0.06763229579731157,7,0,0,0,0,0,1,1,2,0.0,0
3,1,0.28598271326568964,0,0,0.07202400331661751,7,0,0,0,0,1,1,1,2,0.0,0
1,1,0.5239884755104598,0,0,0.27326180120125887,2,0,1,0,0,0,1,1,2,0.0,0
3,1,0.18576976074157586,1,1,0.0564418346641183,7,1,0,0,0,0,3,0,2,0.0,0
3,1,0.311035951396718,1,0,0.06948657230546297,7,0,0,0,0,1,2,0,2,122.0,0
3,1,0.311035951396718,0,0,0.05640904324797415,7,1,1,0,0,0,1,1,2,0.0,0
3,1,0.3486158085932607,0,0,0.07417106032605598,7,0,0,0,0,1,1,1,2,0.0,0
1,0,0.2734560942001754,0,1,0.21470570094384625,4,0,0,0,0,1,2,0,1,9.0,1
2,0,0.4738819992484029,0,0,0.10149724044618187,7,0,0,0,0,0,1,1,1,0.0,0
3,0,0.2734560942001754,0,0,0.0615166966864274,7,2,1,0,0,0,1,1,1,0.0,1
3,0,0.2734560942001754,0,0,0.0615166966864274,7,2,1,0,0,0,1,1,1,0.0,1
3,1,0.49893523737943135,1,4,0.036304782159595816,7,0,0,0,0,0,6,0,2,120.0,0
2,1,0.3611424276587749,1,0,0.10821479626771224,7,1,0,0,0,1,2,0,2,208.0,0
3,0,0.5615683327070025,0,1,0.05642543895604623,7,1,0,0,0,0,2,0,1,94.0,0
3,1,0.43630214205186024,0,0,0.05504273424196786,7,0,0,0,0,0,1,1,2,0.0,0
3,1,0.311035951396718,1,0,0.060507970265993034,7,2,1,0,0,0,2,0,2,142.0,0
3,1,0.37366904672428913,0,0,0.056604230248832196,7,0,0,0,0,1,1,1,2,0.0,0
1,0,0.7494676186897157,1,0,0.2937564362913533,3,1,0,0,0,0,2,0,1,3.0,1
3,0,0.2734560942001754,0,0,0.0564418346641183,7,1,1,0,0,0,1,1,1,0.0,1
3,0,0.2734560942001754,0,0,0.060507970265993034,7,2,1,0,0,0,1,1,1,0.0,1
1,0,0.2985093323312038,0,0,0.2705291831892463,1,1,0,0,0,1,1,1,1,178.0,1
1,1,0.311035951396718,1,0,0.2164299829094262,4,1,0,0,0,1,2,0,2,24.0,1
3,1,0.22334961793811853,1,0,0.050715828806946785,7,0,0,0,0,1,2,0,2,0.0,0
3,1,0.23587623700363275,0,0,0.06285021427628955,7,0,0,0,0,1,1,1,2,0.0,0
1,1,0.2734560942001754,0,0,0.2647385704347907,7,1,0,0,0,1,1,1,2,199.0,0
3,0,0.035450331955405236,3,1,0.032908528344665886,7,0,0,1,0,0,5,0,1,124.0,0
1,0,0.44882876111737446,1,0,0.32077344020212006,7,1,1,0,0,0,2,0,1,191.0,1
3,0,0.2734560942001754,0,0,0.056604230248832196,7,0,0,0,0,1,1,1,1,0.0,1
1,1,0.33608918952774647,0,2,0.3302564054518071,2,1,0,0,0,1,3,0,2,8.0,0
3,1,0.24840285606914697,0,0,0.03132751363771575,7,1,0,0,0,1,1,1,2,0.0,0
3,1,0.23587623700363275,0,0,0.060703157266851084,7,0,0,0,0,1,1,1,2,0.0,0
1,0,0.5239884755104598,0,0,0.35527937896180817,7,1,0,0,0,0,1,1,1,196.0,1
3,0,0.0103970938243768,0,2,0.040967669485427204,7,1,0,1,0,0,3,0,1,82.0,1
3,1,0.3987222848553176,0,0,0.06187427927199933,7,0,0,0,0,0,1,1,2,0.0,0
1,0,0.43630214205186024,1,0,0.20299448089236374,7,0,0,0,0,0,2,0,1,16.0,1
3,1,0.311035951396718,0,0,0.061646300854997144,7,0,1,0,0,0,1,1,2,0.0,0
2,1,0.22334961793811853,0,0,0.08197854036037766,7,0,0,0,0,1,1,1,2,205.0,0
3,1,0.0103970938243768,5,2,0.04577135170121086,7,0,0,1,0,0,8,0,0,169.0,0
2,0,0.44882876111737446,0,0,0.10149724044618187,7,0,0,0,0,0,1,1,1,0.0,1
3,1,0.311035951396718,0,0,0.06034557468127914,7,2,1,0,0,0,1,1,2,0.0,0
2,0,0.2108229988726043,0,0,0.09368976041186018,7,1,0,0,0,1,1,1,1,0.0,1
1,1,0.44882876111737446,1,2,0.23422440102965048,1,0,0,0,0,0,4,0,2,12.0,1
3,1,0.2609294751346612,0,0,0.06086555285156497,7,0,0,0,0,1,1,1,2,0.0,1
3,1,0.3486158085932607,2,0,0.06187427927199933,7,0,0,0,0,1,3,0,2,0.0,0
1,0,0.28598271326568964,1,0,0.29479743362926286,3,1,0,0,0,1,2,0,1,128.0,1
3,0,0.2985093323312038,0,2,0.04346163885772403,6,0,0,0,0,1,3,0,1,201.0,1
3,1,0.2734560942001754,0,0,0.06086555285156497,7,0,0,0,0,1,1,1,2,0.0,0
3,0,0.38619566578980336,0,0,0.061321509685569354,7,0,0,0,0,0,1,1,1,0.0,0
2,1,0.5740949517725167,0,0,0.10149724044618187,7,0,0,0,0,0,1,1,2,97.0,0
2,1,0.28598271326568964,0,0,0.08197854036037766,7,0,0,0,0,1,1,1,3,0.0,0
2,0,0.3486158085932607,0,0,0.09876462243416928,7,0,0,0,0,1,1,1,1,0.0,1
3,1,0.48640861831391713,0,0,0.06187427927199933,7,0,0,0,0,0,1,1,2,0.0,1
3,1,0.32356257046223225,0,0,0.06285021427628955,7,0,0,0,0,1,1,1,2,0.0,0
3,0,0.2609294751346612,1,0,0.07670849133721053,7,0,0,0,0,1,2,0,1,0.0,0
3,1,0.3486158085932607,1,0,0.06187427927199933,7,0,0,0,0,1,2,0,2,211.0,0
3,0,0.24840285606914697,0,0,0.06763229579731157,7,0,0,0,0,1,1,1,1,0.0,0
2,1,0.423775522986346,1,0,0.08197854036037766,7,0,0,0,0,0,2,0,2,98.0,0
3,1,0.6367280471000877,0,0,0.060507970265993034,7,0,0,0,0,0,1,1,2,0.0,0
2,1,0.035450331955405236,1,1,0.04879675021451051,7,0,0,1,0,0,3,0,0,102.0,1
3,1,0.2609294751346612,0,0,0.060703157266851084,7,0,0,0,0,1,1,1,2,0.0,0
3,0,0.2734560942001754,3,1,0.039766150358011995,7,0,1,0,0,0,5,0,1,152.0,0
3,1,0.311035951396718,0,0,0.061646300854997144,7,0,1,0,0,0,1,1,2,0.0,0
3,1,0.311035951396718,0,0,0.053546040319388394,7,2,1,0,0,0,1,1,2,0.0,0
1,0,0.4112489039208318,1,0,0.23422440102965048,2,2,0,0,0,0,2,0,1,46.0,1
2,1,0.367405737191532,0,0,0.0,7,0,1,0,0,0,1,1,2,62.0,0
3,1,0.5490417136414882,0,0,0.06187427927199933,7,0,0,0,0,0,1,1,2,0.0,1
3,0,0.2734560942001754,0,0,0.06285021427628955,7,0,1,0,0,0,1,1,1,0.0,0
2,0,0.423775522986346,1,1,0.08458103370515156,7,0,0,0,0,0,3,0,1,96.0,1
2,0,0.22334961793811853,0,2,0.10149724044618187,7,0,0,0,0,1,3,0,1,0.0,1
2,1,0.37366904672428913,0,0,0.10149724044618187,7,0,0,0,0,1,1,1,2,0.0,0
3,0,0.12313666541400477,0,2,0.06285021427628953,7,0,0,0,1,0,3,0,1,114.0,0
3,1,0.311035951396718,0,0,0.061646300854997144,7,1,1,0,0,0,1,1,2,0.0,0
3,1,0.2609294751346612,0,0,0.060377585349419866,7,2,0,0,0,1,1,1,2,0.0,0
3,1,0.3611424276587749,0,0,0.061483905270283246,7,0,0,0,0,1,1,1,2,0.0,0
3,0,0.3486158085932607,1,1,0.03747590416474407,7,0,0,0,0,1,3,0,1,118.0,0
3,1,0.22334961793811853,1,1,0.052602896731242334,7,0,0,0,0,1,3,0,2,141.0,0
3,1,0.311035951396718,0,0,0.056604230248832196,7,0,1,0,0,0,1,1,2,0.0,0
2,0,0.3486158085932607,1,0,0.10149724044618187,7,0,0,0,0,1,2,0,1,50.0,1
2,0,0.23587623700363275,0,0,0.10149724044618187,7,0,0,0,0,1,1,1,1,76.0,1
3,1,0.311035951396718,0,0,0.060507970265993034,7,2,1,0,0,0,1,1,2,0.0,0
3,1,0.3987222848553176,0,0,0.06285021427628955,4,0,0,0,0,0,1,1,2,0.0,1
1,1,0.3486158085932607,0,0,0.20728859491124066,2,0,0,0,0,1,1,1,2,0.0,1
3,0,0.2734560942001754,1,0,0.06285021427628955,7,0,1,0,0,0,2,0,1,146.0,1
2,0,0.5239884755104598,1,0,0.10149724044618187,7,0,0,0,0,0,2,0,1,207.0,1
3,1,0.2108229988726043,0,0,0.055628295244541985,7,0,0,0,0,1,1,1,2,0.0,0
1,1,0.6242014280345735,1,0,0.218219066959291,4,0,0,0,0,0,2,0,2,34.0,0
1,0,0.17324314167606164,1,2,0.23422440102965048,1,0,0,0,0,0,4,0,1,12.0,1
3,0,0.2609294751346612,2,2,0.05367642523596156,7,0,0,0,0,1,5,0,1,213.0,0
2,0,0.2985093323312038,2,3,0.04879675021451051,7,0,0,0,0,1,6,0,1,102.0,1
1,1,0.7995740949517726,1,4,0.34222787483776707,2,0,0,0,0,0,6,0,2,48.0,0
2,1,0.38619566578980336,0,0,0.08197854036037766,7,0,0,0,0,0,1,1,2,0.0,0
2,0,0.5615683327070025,1,1,0.06831545030031472,7,0,0,0,0,0,3,0,1,174.0,1
3,1,0.24840285606914697,0,0,0.07417106032605598,7,0,0,0,0,1,1,1,2,0.0,0
3,1,0.311035951396718,1,0,0.060703157266851084,7,0,0,0,0,1,2,0,2,0.0,0
2,0,0.3486158085932607,0,0,0.10149724044618187,7,0,0,0,0,1,1,1,1,0.0,1
3,1,0.311035951396718,0,0,0.06333818177843466,7,0,1,0,0,0,1,1,2,0.0,1
1,1,0.04797695102091946,0,2,0.21303568096450487,0,0,0,1,0,0,3,0,0,110.0,1
2,0,0.16071652261054742,0,1,0.07612293033463641,7,0,0,0,0,0,2,0,1,72.0,1
1,1,0.423775522986346,0,0,0.20728859491124066,7,0,0,0,0,0,1,1,2,0.0,1
3,0,0.06050357008643368,2,1,0.03758969818624431,7,1,0,0,1,0,4,0,1,88.0,1
1,1,0.6492546661656019,0,0,0.2381281410468113,2,0,0,0,0,0,1,1,3,0.0,1
2,1,0.44882876111737446,1,2,0.05416439273810667,7,0,0,0,0,0,4,0,2,166.0,0
3,1,0.311035951396718,1,0,0.15588961160129072,7,0,1,0,0,0,2,0,2,0.0,0
1,1,0.37366904672428913,0,0,0.2166575709524267,2,1,0,0,0,1,1,1,2,0.0,0
1,1,0.6116748089690592,1,0,0.34783963123710304,2,1,0,0,0,0,2,0,2,41.0,1
3,1,0.311035951396718,0,0,0.06285021427628955,7,0,1,0,0,0,1,1,2,0.0,0
3,1,0.3611424276587749,0,0,0.061646300854997144,7,1,0,0,0,1,1,1,2,0.0,1
1,1,0.8121007140172868,0,0,0.20728859491124066,4,0,0,0,0,0,1,1,2,0.0,0
1,0,0.44882876111737446,1,0,0.20245771664000412,3,0,1,0,0,0,2,0,1,43.0,1
2,0,0.6242014280345735,0,0,0.08197854036037766,7,0,0,0,0,0,1,1,1,0.0,1
3,1,0.311035951396718,0,0,0.060507970265993034,7,2,1,0,0,0,1,1,2,0.0,0
1,1,0.599148189903545,0,0,0.20728859491124066,4,0,0,0,0,0,1,1,2,0.0,1
3,1,0.423775522986346,0,0,0.06285021427628955,7,0,0,0,0,0,1,1,2,0.0,0
1,1,0.5866215708380309,0,0,0.30058798132138476,4,0,0,0,0,0,1,1,2,0.0,0
2,1,0.599148189903545,0,0,0.10149724044618187,7,0,0,0,0,0,1,1,2,0.0,0
3,1,0.311035951396718,0,0,0.06285021427628955,7,0,1,0,0,0,1,1,2,0.0,0
3,1,0.4738819992484029,0,0,0.05504273424196786,7,0,0,0,0,0,1,1,2,0.0,0
2,1,0.367405737191532,0,0,0.0,7,0,1,0,0,0,1,1,2,62.0,0
1,1,0.6993611424276588,0,0,0.20728859491124066,7,0,0,0,0,0,1,1,2,0.0,0
3,1,0.311035951396718,0,0,0.06031278326513499,7,2,1,0,0,0,1,1,2,0.0,0
3,0,0.007265439057998245,2,1,0.03758969818624431,7,1,0,1,0,0,4,0,1,88.0,1
3,1,0.311035951396718,0,0,0.056604230248832196,7,0,1,0,0,0,1,1,2,0.0,0
3,1,0.4738819992484029,0,0,0.06763229579731157,7,0,0,0,0,0,1,1,2,0.0,0
2,0,0.4112489039208318,1,2,0.05416439273810667,7,0,0,0,0,0,4,0,1,166.0,1
2,0,0.28598271326568964,0,0,0.10767842238935435,3,1,0,0,0,1,1,1,1,0.0,1
3,0,0.2734560942001754,0,0,0.07680608483763955,7,0,0,0,0,1,1,1,1,0.0,0
1,1,0.5239884755104598,0,0,0.20299448089236374,0,0,1,0,0,0,1,1,2,2.0,0
2,1,0.423775522986346,1,0,0.08197854036037766,7,0,0,0,0,0,2,0,2,108.0,0
3,1,0.3611424276587749,1,0,0.05500994282582371,7,0,0,0,0,1,2,0,2,0.0,0
3,1,0.2734560942001754,0,0,0.05871849584212651,7,0,0,0,0,1,1,1,2,0.0,0
3,0,0.02292371288989102,0,1,0.04796720546086383,7,0,0,1,0,0,2,0,1,107.0,1
3,1,0.11061004634849055,5,2,0.04577135170121086,7,0,0,0,1,0,8,0,0,169.0,0
2,1,0.367405737191532,0,0,0.0,7,0,1,0,0,0,1,1,2,0.0,0
3,1,0.6242014280345735,0,0,0.06285021427628955,7,0,0,0,0,0,1,1,2,0.0,0
3,0,0.7870474758862583,0,0,0.07485421482905913,7,0,0,0,0,0,1,1,1,0.0,1
1,1,0.311035951396718,1,0,0.3555495177709957,1,1,0,0,0,1,2,0,2,29.0,1
3,0,0.2734560942001754,3,1,0.039766150358011995,7,0,1,0,0,0,5,0,1,152.0,0
1,0,0.43630214205186024,1,0,0.3513366015444757,2,0,0,0,0,0,2,0,1,47.0,1
1,1,0.7244143805586872,0,0,0.23188215701935394,1,1,0,0,0,0,1,1,2,0.0,0
3,1,0.37366904672428913,0,0,0.06285021427628955,7,0,0,0,0,1,1,1,2,0.0,0
3,1,0.11061004634849055,1,1,0.041379644181904915,7,0,0,0,1,0,3,0,0,167.0,1
3,1,0.311035951396718,1,0,0.15588961160129072,7,0,1,0,0,0,2,0,2,0.0,0
3,1,0.2609294751346612,0,0,0.056604230248832196,7,0,0,0,0,1,1,1,2,0.0,0
1,1,0.6868345233621446,0,0,0.2381281410468113,2,0,0,0,0,0,1,1,2,0.0,0
1,1,0.8872604284103721,0,0,0.3865030531150674,7,1,0,0,0,0,1,1,2,0.0,0
3,1,0.2609294751346612,0,0,0.06285021427628955,7,0,0,0,0,1,1,1,2,0.0,0
3,1,0.311035951396718,0,0,0.056441444290116584,7,1,1,0,0,0,1,1,2,78.0,0
1,0,0.6743079042966303,1,0,0.3055328488011224,3,1,0,0,0,0,2,0,1,139.0,1
3,1,0.311035951396718,0,0,0.058946474259128696,7,0,1,0,0,0,1,1,2,168.0,0
1,0,0.311035951396718,1,2,0.19720393320024185,2,0,0,0,0,1,4,0,1,15.0,0
3,1,0.2985093323312038,0,0,0.06086555285156497,7,0,0,0,0,1,1,1,2,0.0,0
3,1,0.2108229988726043,0,0,0.06763229579731157,7,0,0,0,0,1,1,1,2,0.0,0
3,0,0.2609294751346612,0,0,0.060507970265993034,7,2,0,0,0,1,1,1,1,0.0,0
3,0,0.2734560942001754,0,0,0.059564826677846974,7,2,1,0,0,0,1,1,1,0.0,0
3,0,0.4613553801828887,0,0,0.07485421482905913,7,0,0,0,0,0,1,1,1,0.0,0
1,0,0.19829637980709008,0,0,0.22511567432294183,1,0,0,0,0,1,1,1,1,0.0,1
1,1,0.22334961793811853,1,0,0.2834115252458771,2,1,0,0,0,1,2,0,2,197.0,0
2,0,0.4112489039208318,0,2,0.06766482696412124,7,0,0,0,0,0,3,0,1,79.0,1
1,1,0.5239884755104598,0,0,0.20728859491124066,7,0,1,0,0,0,1,1,2,0.0,1
3,1,0.3486158085932607,0,0,0.05862116259103196,7,0,0,0,0,1,1,1,2,159.0,0
3,1,0.32356257046223225,0,0,0.055136228815378864,7,0,0,0,0,1,1,1,2,38.0,1
3,1,0.3611424276587749,0,0,0.060507970265993034,7,2,0,0,0,1,1,1,2,0.0,1
3,1,0.311035951396718,0,0,0.06285021427628955,7,0,1,0,0,0,1,1,2,0.0,0
1,1,0.44882876111737446,0,0,0.20523913140223124,4,0,0,0,0,0,1,1,2,0.0,1
1,0,0.6743079042966303,1,0,0.23188215701935394,7,1,0,0,0,0,2,0,1,190.0,1
3,1,0.2985093323312038,0,0,0.05852330884126847,7,0,0,0,0,1,1,1,2,0.0,0
1,1,0.5866215708380309,0,0,0.2656167167516511,3,0,0,0,0,0,1,1,2,0.0,0
2,0,0.423775522986346,0,0,0.08197854036037766,5,0,0,0,0,0,1,1,1,0.0,1
3,1,0.311035951396718,0,0,0.06285021427628953,7,2,1,0,0,0,1,1,2,144.0,0
2,0,0.44882876111737446,1,0,0.10149724044618187,7,0,0,0,0,0,2,0,1,53.0,1
3,1,0.3987222848553176,0,0,0.061646300854997144,7,0,0,0,0,0,1,1,2,0.0,0
1,0,0.37366904672428913,0,0,0.18249984580226933,1,0,0,0,0,1,1,1,1,30.0,1
3,1,0.2734560942001754,0,0,0.061646300854997144,7,0,0,0,0,1,1,1,2,0.0,0
3,1,0.311035951396718,0,0,0.05640904324797415,7,1,1,0,0,0,1,1,2,0.0,0
1,0,0.5490417136414882,0,1,0.22633572320297182,1,1,0,0,0,0,2,0,1,4.0,1
3,1,0.311035951396718,0,0,0.0564418346641183,7,1,1,0,0,0,1,1,2,0.0,0
3,1,0.5051985469121885,0,0,0.060507970265993034,7,2,0,0,0,0,1,1,2,0.0,0
2,0,0.6242014280345735,0,0,0.08197854036037766,7,0,0,0,0,0,1,1,1,0.0,1
1,1,0.5239884755104598,0,0,0.4328841690069588,2,0,1,0,0,0,1,1,2,179.0,0
3,1,0.48640861831391713,0,0,0.06187427927199933,7,0,0,0,0,0,1,1,2,0.0,0
2,1,0.28598271326568964,2,1,0.08978602039469935,7,0,0,0,0,1,4,0,2,0.0,0
2,0,0.02292371288989102,1,1,0.06766482696412124,7,0,0,1,0,0,3,0,1,79.0,1
3,1,0.311035951396718,0,0,0.0564418346641183,7,1,1,0,0,0,1,1,2,0.0,0
3,1,0.2108229988726043,1,1,0.0564418346641183,7,1,0,0,0,1,3,0,2,0.0,0
3,0,0.2734560942001754,0,2,0.058187326950458154,7,1,1,0,0,0,3,0,1,89.0,1
3,0,0.37366904672428913,0,0,0.06763229579731157,7,0,0,0,0,1,1,1,1,0.0,0
2,0,0.0855568082174621,0,2,0.06831545030031472,7,0,0,0,1,0,3,0,1,174.0,1
1,1,0.5615683327070025,0,0,0.20728859491124066,1,0,0,0,0,0,1,1,3,0.0,0
1,0,0.37366904672428913,0,0,0.27697035421756167,7,1,0,0,0,1,1,1,1,200.0,1
3,1,0.311035951396718,0,0,0.056604230248832196,7,0,1,0,0,0,1,1,2,132.0,0
1,0,0.2734560942001754,0,2,0.3864702616989233,1,1,0,0,0,1,3,0,1,0.0,1
1,0,0.44882876111737446,0,2,0.27716554121841974,1,0,0,0,0,0,3,0,1,215.0,1
3,0,0.11061004634849055,4,2,0.03488270543905866,7,0,0,0,1,0,7,0,1,119.0,0
3,0,0.135663284479519,4,2,0.03488270543905866,7,0,0,0,0,0,7,0,1,119.0,0
2,1,0.3987222848553176,1,0,0.10149724044618187,7,0,0,0,0,0,2,0,2,99.0,1
1,1,0.6242014280345735,1,0,0.27697035421756167,2,1,0,0,0,0,2,0,2,200.0,0
1,1,0.7995740949517726,0,0,0.20299448089236374,7,0,0,0,0,0,1,1,2,0.0,0
2,0,0.23587623700363275,1,0,0.10149724044618187,7,0,0,0,0,1,2,0,1,99.0,1
2,1,0.367405737191532,0,0,0.10823119197578432,7,1,1,0,0,0,1,1,2,0.0,1
3,1,0.4112489039208318,1,1,0.05341617590148417,7,0,0,0,0,0,3,0,2,131.0,0
2,1,0.09808342728297632,1,1,0.07173122281533045,7,0,0,0,1,0,3,0,0,164.0,1
1,1,0.2108229988726043,0,2,0.21642978772242535,2,1,0,0,0,1,3,0,2,40.0,1
2,1,0.33608918952774647,0,0,0.10149724044618187,7,0,0,0,0,1,1,1,2,68.0,0
3,1,0.311035951396718,0,0,0.06112632268471131,7,2,1,0,0,0,1,1,2,0.0,0
3,1,0.2734560942001754,0,0,0.05640904324797415,7,1,0,0,0,1,1,1,2,0.0,1
3,0,0.2734560942001754,0,0,0.060703157266851084,7,0,0,0,0,1,1,1,1,0.0,1
1,1,0.7745208568207441,0,0,0.20728859491124066,7,0,0,0,0,0,1,1,2,0.0,0
1,0,0.599148189903545,1,0,0.30917620935913864,0,1,0,0,0,0,2,0,3,0.0,1
1,1,0.5239884755104598,0,0,0.35527937896180817,7,1,1,0,0,0,1,1,2,196.0,0
1,0,0.48640861831391713,1,1,0.20728859491124066,4,0,0,0,0,0,3,0,1,1.0,1
3,0,0.44882876111737446,1,0,0.06792507629859863,7,0,0,0,0,0,2,0,1,111.0,1
3,1,0.311035951396718,0,0,0.060507970265993034,7,2,1,0,0,0,1,1,2,0.0,0
3,1,0.49893523737943135,0,0,0.061646300854997144,7,0,0,0,0,0,1,1,2,0.0,0
2,1,0.3486158085932607,0,0,0.1054009804633427,7,0,0,0,0,1,1,1,2,0.0,0
3,1,0.311035951396718,0,0,0.06285021427628955,7,0,1,0,0,0,1,1,2,0.0,0
3,0,0.2734560942001754,0,0,0.06285021427628955,7,0,1,0,0,0,1,1,1,0.0,0
3,1,0.2985093323312038,2,0,0.06285021427628953,7,0,0,0,0,1,3,0,2,155.0,0
3,1,0.23587623700363275,0,0,0.061646300854997144,7,0,0,0,0,1,1,1,2,0.0,0
3,0,0.3611424276587749,0,4,0.032908528344665886,7,0,0,0,0,1,5,0,1,124.0,0
3,1,0.311035951396718,0,0,0.0564418346641183,7,1,1,0,0,0,1,1,2,0.0,0
3,1,0.3987222848553176,0,0,0.061321509685569354,7,0,0,0,0,0,1,1,2,0.0,1
2,1,0.7745208568207441,0,0,0.08197854036037766,7,0,0,0,0,0,1,1,2,0.0,1
1,0,0.6617812852311161,2,0,0.20096141309142637,2,0,0,0,0,0,3,0,1,26.0,1
1,1,0.44882876111737446,0,0,0.20601987940566338,4,0,0,0,0,0,1,1,2,0.0,1
3,0,0.2734560942001754,0,0,0.060507970265993034,7,2,1,0,0,0,1,1,1,0.0,1
3,1,0.19829637980709008,0,0,0.06285021427628955,7,0,0,0,0,1,1,1,2,0.0,0
3,1,0.23587623700363275,0,0,0.056604230248832196,7,0,0,0,0,1,1,1,2,130.0,0
2,0,0.423775522986346,0,0,0.10149724044618187,7,0,0,0,0,0,1,1,1,0.0,1
1,0,0.48640861831391713,1,0,0.218219066959291,4,0,0,0,0,0,2,0,1,34.0,1
3,0,0.2734560942001754,1,0,0.056441444290116584,7,1,1,0,0,0,2,0,1,93.0,0
3,1,0.3987222848553176,0,0,0.06187427927199933,7,0,0,0,0,0,1,1,2,0.0,1
2,0,0.311035951396718,1,1,0.11711220051482524,7,0,0,0,0,1,3,0,1,61.0,1
1,0,0.48640861831391713,1,1,0.21642978772242535,2,1,0,0,0,0,3,0,1,40.0,1
2,1,0.6743079042966303,0,0,0.10149724044618187,7,0,0,0,0,0,1,1,2,97.0,0
1,1,0.44882876111737446,0,0,0.3132751363771575,0,1,0,0,0,0,1,1,2,0.0,0
3,1,0.311035951396718,0,0,0.06802266979902766,7,1,1,0,0,0,1,1,2,0.0,0
1,0,0.22334961793811853,0,2,0.20728859491124066,4,0,0,0,0,1,3,0,1,1.0,1
2,1,0.5866215708380309,0,0,0.11711220051482524,7,0,0,0,0,0,1,1,2,0.0,0
1,1,0.7494676186897157,1,1,0.30917620935913864,1,1,0,0,0,0,3,0,2,36.0,1
3,1,0.2734560942001754,0,0,0.06285021427628955,7,0,0,0,0,1,1,1,2,0.0,0
3,1,0.311035951396718,0,0,0.06285021427628955,7,0,1,0,0,0,1,1,2,0.0,0
3,1,0.43630214205186024,0,0,0.055628295244541985,7,0,0,0,0,0,1,1,2,0.0,0
1,0,0.6492546661656019,1,0,0.3055328488011224,3,1,0,0,0,0,2,0,1,139.0,1
3,1,0.5866215708380309,0,0,0.056604230248832196,7,0,0,0,0,0,1,1,2,0.0,0
3,0,0.2734560942001754,0,2,0.060507970265993034,7,2,1,0,0,0,3,0,1,0.0,0
2,1,0.4613553801828887,1,0,0.10149724044618187,7,0,0,0,0,0,2,0,2,206.0,0
3,1,0.44882876111737446,1,1,0.06285021427628953,7,0,0,0,0,0,3,0,2,114.0,0
2,0,0.3486158085932607,0,0,0.0858822803775385,7,0,1,0,0,0,1,1,1,70.0,1
3,1,0.6116748089690592,0,0,0.0,7,0,0,0,0,0,1,1,2,176.0,0
3,1,0.311035951396718,0,0,0.05640904324797415,7,1,1,0,0,0,1,1,2,0.0,0
1,1,0.6116748089690592,1,0,0.22223679618495296,0,1,0,0,0,0,2,0,3,180.0,1
2,0,0.2985093323312038,2,1,0.1054009804633427,7,0,0,0,0,1,4,0,1,66.0,1
3,1,0.311035951396718,0,0,0.061646300854997144,7,0,1,0,0,0,1,1,2,0.0,0
1,1,0.5239884755104598,0,0,0.16551857672761966,7,0,1,0,0,0,1,1,2,17.0,0
3,1,0.5490417136414882,0,0,0.06285021427628955,7,0,0,0,0,0,1,1,2,0.0,0
1,1,0.43630214205186024,0,0,0.20728859491124066,7,1,0,0,0,0,1,1,2,0.0,1
3,1,0.44882876111737446,1,0,0.060703157266851084,7,0,0,0,0,0,2,0,2,125.0,0
3,1,0.37366904672428913,0,0,0.061646300854997144,7,0,0,0,0,1,1,1,2,0.0,0
1,1,0.33608918952774647,0,0,0.2381281410468113,7,0,0,0,0,1,1,1,2,0.0,1
2,0,0.2734560942001754,1,2,0.08115719346076702,7,1,0,0,0,1,4,0,1,209.0,1
1,0,0.49893523737943135,0,0,0.3993851349223637,2,0,0,0,0,0,1,1,1,184.0,1
3,0,0.48640861831391713,1,5,0.03488270543905866,7,0,0,0,0,0,7,0,1,119.0,0
3,1,0.311035951396718,0,0,0.05504273424196786,7,0,1,0,0,0,1,1,2,0.0,0
3,0,0.2734560942001754,1,0,0.060507970265993034,7,2,1,0,0,0,2,0,1,137.0,1
3,1,0.311035951396718,0,0,0.060507970265993034,7,2,1,0,0,0,1,1,2,0.0,0
3,1,0.43630214205186024,0,0,0.06285021427628955,7,0,0,0,0,0,1,1,2,0.0,0
2,0,0.2985093323312038,1,2,0.10149724044618187,7,0,0,0,0,1,4,0,1,52.0,1
3,1,0.423775522986346,1,1,0.03747590416474407,7,0,0,0,0,0,3,0,2,118.0,0
3,0,0.32356257046223225,1,0,0.06285021427628955,7,0,0,0,0,1,2,0,1,156.0,0
2,0,0.04797695102091946,2,1,0.07612293033463641,5,0,0,1,0,0,4,0,1,56.0,1
2,1,0.32356257046223225,0,0,0.08197854036037766,7,0,0,0,0,1,1,1,2,0.0,0
3,1,0.33608918952774647,1,0,0.05642543895604623,7,1,0,0,0,1,2,0,2,83.0,0
1,1,0.5239884755104598,1,0,0.20515793360987428,3,0,0,0,0,0,2,0,2,23.0,1
3,1,0.24840285606914697,1,1,0.040967669485427204,7,1,0,0,0,1,3,0,2,82.0,1
3,1,0.2609294751346612,0,0,0.061321509685569354,7,0,0,0,0,1,1,1,2,0.0,0
3,1,0.2609294751346612,0,0,0.06285021427628955,7,0,0,0,0,1,1,1,2,153.0,0
1,1,0.7619942377552299,0,0,0.2523440006933042,3,0,0,0,0,0,1,1,2,0.0,0
2,1,0.711887761493173,0,0,0.09642237842387277,7,2,0,0,0,0,1,1,3,0.0,0
1,0,0.2609294751346612,0,0,0.20288595691988665,3,0,0,0,0,1,1,1,1,33.0,1
3,1,0.32356257046223225,0,0,0.061646300854997144,7,0,0,0,0,1,1,1,2,0.0,0
3,1,0.311035951396718,0,0,0.060377585349419866,7,2,1,0,0,0,1,1,2,0.0,0
1,1,1.0,0,0,0.23422440102965048,0,0,0,0,0,0,1,1,2,0.0,1
3,1,0.6367280471000877,0,0,0.05507552565811201,7,0,0,0,0,0,1,1,2,0.0,0
1,1,0.3987222848553176,0,0,0.2381281410468113,1,1,0,0,0,0,1,1,3,0.0,1
1,1,0.5239884755104598,0,0,0.0,7,0,1,0,0,0,1,1,2,0.0,0
3,0,0.11061004634849055,3,2,0.036304782159595816,7,0,0,0,1,0,6,0,1,120.0,0
2,0,0.3486158085932607,0,0,0.10149724044618187,7,0,0,0,0,1,1,1,1,0.0,1
3,1,0.3987222848553176,0,0,0.06187427927199933,7,0,0,0,0,0,1,1,2,0.0,0
2,1,0.38619566578980336,1,1,0.06831545030031472,7,0,0,0,0,0,3,0,2,163.0,0
3,0,0.5114618564449456,0,5,0.044265623408877394,7,0,0,0,0,0,6,0,1,106.0,0
3,1,0.311035951396718,1,0,0.06285021427628955,7,0,1,0,0,0,2,0,2,146.0,0
3,1,0.24840285606914697,0,0,0.061321509685569354,7,0,0,0,0,1,1,1,2,0.0,0
1,0,0.2985093323312038,0,0,0.2705291831892463,1,1,0,0,0,1,1,1,1,178.0,1
3,0,0.02292371288989102,3,2,0.036304782159595816,7,0,0,1,0,0,6,0,1,120.0,0
3,1,0.311035951396718,0,0,0.055136228815378864,7,0,1,0,0,0,1,1,2,38.0,1
3,0,0.007265439057998245,2,1,0.03758969818624431,7,1,0,1,0,0,4,0,1,88.0,1
1,1,0.599148189903545,1,0,0.1996872323498251,3,1,0,0,0,0,2,0,2,183.0,1
3,1,0.23587623700363275,0,0,0.061646300854997144,7,0,0,0,0,1,1,1,2,0.0,0
1,1,0.6993611424276588,0,0,0.27716554121841974,0,1,0,0,0,0,1,1,3,0.0,1
3,1,0.311035951396718,0,0,0.058946474259128696,7,0,1,0,0,0,1,1,2,0.0,0
3,0,0.28598271326568964,0,0,0.058946474259128696,7,0,0,0,0,1,1,1,1,0.0,1
3,1,0.311035951396718,0,0,0.061646300854997144,7,0,1,0,0,0,1,1,2,0.0,0
2,0,0.22334961793811853,0,1,0.08978602039469935,7,0,0,0,0,1,2,0,1,58.0,1
3,1,0.2609294751346612,0,0,0.06584282137344503,7,0,0,0,0,1,1,1,2,0.0,0
3,0,0.2734560942001754,0,0,0.06112632268471131,7,2,1,0,0,0,1,1,1,0.0,1
3,0,0.22334961793811853,0,0,0.05270049023167135,7,2,0,0,0,1,1,1,1,0.0,0
2,1,0.2985093323312038,2,0,0.08197854036037766,7,0,0,0,0,1,3,0,2,205.0,0
3,1,0.311035951396718,0,0,0.061646300854997144,7,0,1,0,0,0,1,1,2,0.0,0
3,0,0.3987222848553176,1,1,0.060507970265993034,7,2,0,0,0,0,3,0,1,134.0,0
2,1,0.28598271326568964,0,0,0.10149724044618187,7,0,0,0,0,1,1,1,2,0.0,0
1,1,0.7244143805586872,0,2,0.29479743362926286,3,1,0,0,0,0,3,0,2,128.0,0
1,1,0.6242014280345735,2,0,0.5217348532935464,7,0,0,0,0,0,3,0,3,193.0,1
3,1,0.49893523737943135,0,0,0.05640904324797415,7,1,0,0,0,0,1,1,2,0.0,0
1,1,0.5866215708380309,0,0,0.19977389537820603,4,0,0,0,0,0,1,1,2,0.0,0
3,1,0.44882876111737446,0,0,0.05852330884126847,7,0,0,0,0,0,1,1,2,0.0,0
3,1,0.24840285606914697,1,0,0.06187427927199933,7,0,0,0,0,1,2,0,2,0.0,1
2,1,0.3987222848553176,2,0,0.08197854036037766,7,0,0,0,0,0,3,0,2,205.0,0
2,1,0.311035951396718,0,0,0.10149724044618187,7,0,0,0,0,1,1,1,2,0.0,0
3,1,0.311035951396718,0,0,0.060703157266851084,7,0,1,0,0,0,1,1,2,0.0,0
3,1,0.536515094575974,0,0,0.06285021427628955,7,0,0,0,0,0,1,1,2,0.0,0
1,0,0.44882876111737446,1,0,0.20299448089236374,2,0,1,0,0,0,2,0,1,49.0,1
2,0,0.49893523737943135,1,1,0.10149724044618187,7,0,0,0,0,0,3,0,1,104.0,1
1,1,0.38619566578980336,1,0,0.20299448089236374,1,0,0,0,0,0,2,0,2,172.0,0
2,1,0.8747338093448579,0,0,0.08197854036037766,7,0,0,0,0,0,1,1,2,0.0,0
2,1,0.38619566578980336,0,0,0.10149724044618187,7,0,0,0,0,0,1,1,2,0.0,1
2,1,0.367405737191532,0,0,0.0,7,0,1,0,0,0,1,1,2,0.0,0
3,1,0.22334961793811853,0,0,0.060703157266851084,7,0,0,0,0,1,1,1,2,0.0,0
3,1,0.3047726418639609,0,0,0.06285021427628955,7,0,0,0,0,1,1,1,2,0.0,0
3,0,0.22334961793811853,0,0,0.07683887625378369,7,0,0,0,0,1,1,1,1,0.0,1
3,0,0.536515094575974,1,6,0.04577135170121086,7,0,0,0,0,0,8,0,1,169.0,0
1,1,0.44882876111737446,0,1,1.0,1,1,0,0,0,0,2,0,2,194.0,1
3,0,0.2734560942001754,0,0,0.06353336877929268,7,2,1,0,0,0,1,1,1,0.0,0
1,1,0.33608918952774647,0,0,0.1996872323498251,3,1,0,0,0,1,1,1,2,183.0,1
3,1,0.24840285606914697,0,0,0.07202400331661751,7,0,0,0,0,1,1,1,2,0.0,0
3,1,0.17324314167606164,5,2,0.04577135170121086,7,0,0,0,0,0,8,0,2,169.0,0
2,1,0.7494676186897157,1,1,0.10149724044618187,7,0,0,0,0,0,3,0,2,104.0,0
2,1,0.311035951396718,1,2,0.08115719346076702,7,1,0,0,0,1,4,0,2,209.0,0
3,1,0.17324314167606164,4,1,0.044265623408877394,7,0,0,0,0,0,6,0,2,106.0,0
3,1,0.23587623700363275,0,0,0.07940831793307897,7,0,0,0,0,1,1,1,2,0.0,0
3,1,0.22334961793811853,0,0,0.06086555285156497,7,0,0,0,0,1,1,1,2,0.0,0
1,0,0.18576976074157586,0,1,0.41250332793836464,1,0,0,0,0,0,2,0,1,65.0,1
1,1,0.38619566578980336,1,0,0.22251318097816794,1,0,0,0,0,0,2,0,2,44.0,1
3,0,0.04797695102091946,0,1,0.052375308688241855,7,1,0,1,0,0,2,0,1,123.0,1
3,1,0.311035951396718,0,0,0.055136228815378864,7,0,1,0,0,0,1,1,2,38.0,1
3,1,0.311035951396718,0,0,0.05640904324797415,7,1,0,0,0,1,1,1,2,0.0,0
1,1,0.7494676186897157,0,0,0.20728859491124066,7,0,0,0,0,0,1,1,3,0.0,0
2,1,0.6492546661656019,0,0,0.1054009804633427,7,0,0,0,0,0,1,1,2,0.0,0
3,1,0.5490417136414882,0,0,0.06285021427628955,7,0,0,0,0,0,1,1,2,0.0,0
3,0,0.2734560942001754,0,0,0.060377585349419866,7,2,1,0,0,0,1,1,1,0.0,1
1,1,0.6116748089690592,1,1,0.21642978772242535,2,1,0,0,0,0,3,0,2,40.0,0
3,1,0.5239884755104598,0,0,0.05972722226256087,6,0,0,0,0,0,1,1,2,0.0,0
1,0,0.22334961793811853,1,0,0.35527937896180817,2,1,0,0,0,1,2,0,1,196.0,1
1,1,0.43630214205186024,0,0,0.20523913140223124,4,0,0,0,0,0,1,1,2,0.0,1
3,0,0.22334961793811853,0,1,0.05642543895604623,7,1,0,0,0,1,2,0,1,94.0,0
3,1,0.311035951396718,0,0,0.06044316818170817,7,2,0,0,0,1,1,1,2,0.0,0
3,1,0.32356257046223225,1,0,0.061321509685569354,7,0,0,0,0,1,2,0,2,0.0,0
2,1,0.48640861831391713,0,0,0.10149724044618187,7,0,0,0,0,0,1,1,2,76.0,0
2,0,0.5615683327070025,0,0,0.1054009804633427,7,0,0,0,0,0,1,1,1,0.0,1
1,1,0.5239884755104598,0,0,0.20523913140223124,4,0,0,0,0,0,1,1,2,0.0,1
1,0,0.2734560942001754,0,0,0.19720393320024185,7,0,0,0,0,1,1,1,1,15.0,1
3,1,0.311035951396718,1,1,0.03967709303575383,7,1,1,0,0,0,3,0,0,85.0,1
1,0,0.2985093323312038,0,0,0.3865030531150674,2,1,0,0,0,1,1,1,1,0.0,1
1,1,0.5239884755104598,0,0,0.20728859491124066,2,0,1,0,0,0,1,1,2,0.0,0
1,1,0.599148189903545,1,0,0.20299448089236374,2,0,0,0,0,0,2,0,2,49.0,1
3,1,0.3611424276587749,0,0,0.07404067540948281,7,0,0,0,0,1,1,1,2,0.0,0
2,1,0.6492546661656019,0,0,0.050748620223090936,7,0,0,0,0,0,1,1,2,73.0,0
3,1,0.23587623700363275,0,0,0.05972722226256087,6,0,0,0,0,1,1,1,2,0.0,0
1,0,0.4738819992484029,0,0,0.35527937896180817,2,1,0,0,0,0,1,1,1,196.0,1
2,0,0.33608918952774647,0,0,0.08197854036037766,4,0,0,0,0,1,1,1,1,0.0,1
3,1,0.311035951396718,0,0,0.060507970265993034,7,2,1,0,0,0,1,1,2,135.0,0
3,1,0.4112489039208318,0,0,0.060703157266851084,7,0,0,0,0,0,1,1,2,0.0,0
2,0,0.07303018915194788,0,1,0.0858822803775385,7,0,0,0,1,0,2,0,1,70.0,1
3,1,0.2108229988726043,1,0,0.05507552565811201,7,0,0,0,0,1,2,0,2,0.0,0
2,1,0.423775522986346,0,0,0.10149724044618187,7,0,0,0,0,0,1,1,2,0.0,0
2,1,0.6242014280345735,0,0,0.10149724044618187,7,0,0,0,0,0,1,1,2,0.0,0
1,1,0.33608918952774647,1,0,0.20728859491124066,4,0,0,0,0,1,2,0,2,20.0,1
3,1,0.24840285606914697,0,0,0.06763229579731157,7,0,0,0,0,1,1,1,2,0.0,0
2,0,0.37366904672428913,3,0,0.08197854036037766,7,0,0,0,0,1,4,0,1,108.0,1
3,0,0.2734560942001754,0,0,0.06041037676556402,7,2,1,0,0,0,1,1,1,0.0,1
2,1,0.311035951396718,1,0,0.10149724044618187,7,0,0,0,0,1,2,0,2,59.0,0
3,0,0.311035951396718,1,0,0.06187427927199933,7,0,0,0,0,1,2,0,1,0.0,0
1,0,0.3611424276587749,0,0,0.41250332793836464,1,0,0,0,0,1,1,1,1,65.0,1
3,1,0.135663284479519,0,0,0.07334151557240931,7,1,0,0,0,0,1,1,2,95.0,0
2,1,0.367405737191532,0,0,0.0,7,0,1,0,0,0,1,1,2,0.0,0
2,1,0.28598271326568964,0,0,0.10149724044618187,7,0,0,0,0,1,1,1,2,0.0,0
2,1,0.28598271326568964,0,0,0.10149724044618187,7,0,0,0,0,1,1,1,2,0.0,0
3,1,0.3548791181260178,0,0,0.06285021427628955,7,0,0,0,0,1,1,1,2,153.0,0
3,0,0.599148189903545,1,3,0.05367642523596156,7,0,0,0,0,0,5,0,1,213.0,0
1,1,0.43630214205186024,0,0,1.0,1,1,0,0,0,0,1,1,2,194.0,1
3,1,0.311035951396718,0,0,0.061646300854997144,7,0,1,0,0,0,1,1,2,0.0,0
3,1,0.311035951396718,0,0,0.061646300854997144,7,0,1,0,0,0,1,1,2,0.0,0
1,1,0.5239884755104598,0,0,0.23422440102965048,3,0,1,0,0,0,1,1,2,0.0,1
1,1,0.44882876111737446,1,0,0.20520660023542153,2,0,0,0,0,0,2,0,2,45.0,0
1,0,0.2609294751346612,2,2,0.2926410820007359,1,1,0,0,0,1,5,0,1,192.0,1
3,1,0.2985093323312038,1,0,0.06285021427628955,7,0,0,0,0,1,2,0,2,147.0,0
3,1,0.38619566578980336,0,0,0.06187427927199933,7,0,0,0,0,0,1,1,2,0.0,1
1,1,0.8747338093448579,1,1,0.27716554121841974,1,0,0,0,0,0,3,0,3,215.0,0
3,1,0.19829637980709008,1,1,0.05270049023167135,7,0,0,0,0,1,3,0,2,161.0,0
2,0,0.37366904672428913,0,0,0.10149724044618187,7,0,0,0,0,1,1,1,1,0.0,1
1,1,0.23587623700363275,1,0,0.20728859491124066,3,0,0,0,0,1,2,0,2,13.0,0
3,1,0.38619566578980336,0,0,0.060507970265993034,7,2,0,0,0,0,1,1,2,0.0,0
2,0,0.04797695102091946,1,1,0.05985734692979956,7,0,0,1,0,0,3,0,1,100.0,1
3,1,0.07303018915194788,0,1,0.04869915671408149,4,0,0,0,1,0,2,0,0,151.0,1
3,1,0.4112489039208318,0,0,0.07417106032605598,7,0,0,0,0,0,1,1,2,0.0,0
3,1,0.28598271326568964,0,0,0.061646300854997144,7,0,0,0,0,1,1,1,2,0.0,0
2,0,0.599148189903545,1,2,0.10149724044618187,7,0,0,0,0,0,4,0,1,52.0,1
2,1,0.006263309532757109,1,1,0.056604230248832196,7,0,0,1,0,0,3,0,0,74.0,1
3,1,0.3486158085932607,0,0,0.06086555285156497,7,0,0,0,0,1,1,1,2,0.0,0
2,1,0.22334961793811853,0,0,0.08978602039469935,7,0,0,0,0,1,1,1,2,0.0,0
3,1,0.423775522986346,0,0,0.06285021427628955,7,0,0,0,0,0,1,1,2,0.0,0
1,0,0.4112489039208318,0,0,0.22511567432294183,1,0,0,0,0,0,1,1,3,0.0,1
3,1,0.311035951396718,0,0,0.056604230248832196,7,0,1,0,0,0,1,1,2,130.0,0
3,1,0.5114618564449456,0,0,0.055628295244541985,7,0,0,0,0,0,1,1,2,0.0,0
3,1,0.24840285606914697,0,0,0.0564418346641183,7,1,0,0,0,1,1,1,2,0.0,1
1,0,0.44882876111737446,1,2,0.23422440102965048,1,0,0,0,0,0,4,0,1,12.0,1
3,1,0.19829637980709008,0,0,0.060703157266851084,7,0,0,0,0,1,1,1,2,0.0,0
1,0,0.6367280471000877,1,0,0.20288595691988665,3,0,0,0,0,0,2,0,1,33.0,1
1,1,0.5239884755104598,0,0,0.30917620935913864,7,1,1,0,0,0,1,1,3,0.0,0
3,0,0.37993235625704624,0,0,0.060507970265993034,7,2,0,0,0,0,1,1,1,0.0,0
3,1,0.311035951396718,1,0,0.06285021427628953,7,2,1,0,0,0,2,0,2,144.0,0
3,1,0.3987222848553176,0,0,0.06529005178701507,7,0,0,0,0,0,1,1,2,0.0,0
3,1,0.2985093323312038,0,0,0.07417106032605598,7,0,0,0,0,1,1,1,2,0.0,0
3,1,0.599148189903545,0,0,0.061321509685569354,7,0,0,0,0,0,1,1,2,0.0,0
2,0,0.711887761493173,0,0,0.04098927018018883,4,0,0,0,0,0,1,1,1,204.0,0
3,1,0.311035951396718,0,0,0.05640904324797415,7,1,1,0,0,0,1,1,2,0.0,0
2,0,0.6743079042966303,1,3,0.08978602039469935,7,0,0,0,0,0,5,0,1,101.0,1
3,1,0.22334961793811853,0,0,0.060507970265993034,7,0,0,0,0,1,1,1,2,0.0,0
3,1,0.311035951396718,0,0,0.060507970265993034,5,2,1,0,0,0,1,1,2,0.0,0
3,0,0.06050357008643368,0,0,0.04869915671408149,7,0,0,0,1,0,1,1,1,133.0,1
3,1,0.311035951396718,0,0,0.06041037676556402,7,2,1,0,0,0,1,1,2,0.0,0
1,0,0.536515094575974,0,1,0.41250332793836464,1,0,0,0,0,0,2,0,1,65.0,1
3,0,0.16071652261054742,0,0,0.0564418346641183,7,1,0,0,0,0,1,1,1,0.0,1
1,0,0.2108229988726043,1,0,0.22251318097816794,1,0,0,0,0,1,2,0,1,44.0,1
1,1,0.3611424276587749,0,0,0.23422440102965048,3,0,0,0,0,1,1,1,2,0.0,0
3,1,0.311035951396718,1,2,0.04577135170121086,7,0,1,0,0,0,4,0,2,212.0,0
3,1,0.311035951396718,0,0,0.05504273424196786,7,0,0,0,0,1,1,1,2,0.0,0
3,1,0.311035951396718,0,0,0.056604230248832196,7,0,0,0,0,1,1,1,2,0.0,0
3,0,0.22334961793811853,0,0,0.05852330884126847,7,0,0,0,0,1,1,1,1,0.0,1
3,1,0.09808342728297632,4,1,0.037898809333269834,7,2,0,0,1,0,6,0,0,148.0,0
3,1,0.0103970938243768,1,2,0.04015972542654215,7,0,0,1,0,0,4,0,0,160.0,1
1,1,0.5740949517725167,0,0,0.30917620935913864,1,1,0,0,0,0,1,1,2,187.0,0
3,1,0.311035951396718,0,0,0.060507970265993034,7,2,1,0,0,0,1,1,2,0.0,0
2,1,0.19829637980709008,0,0,0.10149724044618187,7,0,0,0,0,1,1,1,2,63.0,0
3,0,0.2734560942001754,8,2,0.04936456694427936,7,0,1,0,0,0,11,0,1,171.0,0
1,1,0.5239884755104598,0,0,0.23965684563753148,7,1,1,0,0,0,1,1,2,0.0,0
3,1,0.311035951396718,0,0,0.061646300854997144,7,0,0,0,0,1,1,1,2,0.0,0
2,1,0.48640861831391713,0,0,0.10149724044618187,7,0,0,0,0,0,1,1,2,0.0,0
1,0,0.6116748089690592,0,0,0.20244171130593377,3,0,0,0,0,0,1,1,3,0.0,1
3,0,0.38619566578980336,0,0,0.06779469138202546,7,0,0,0,0,0,1,1,1,0.0,1
3,1,0.37366904672428913,0,0,0.0564418346641183,7,1,0,0,0,1,1,1,2,0.0,0
3,0,0.37366904672428913,1,1,0.06285021427628953,7,0,0,0,0,1,3,0,1,114.0,0
2,1,0.423775522986346,0,0,0.050748620223090936,7,0,0,0,0,0,1,1,2,73.0,0
2,0,0.38619566578980336,1,1,0.06831545030031472,7,0,0,0,0,0,3,0,1,163.0,1
1,1,0.135663284479519,1,2,0.23422440102965048,1,0,0,0,0,0,4,0,0,12.0,1
3,1,0.003131654766378554,0,1,0.033246982604153735,7,1,0,1,0,0,2,0,0,77.0,1
3,1,0.33608918952774647,0,0,0.05445717323939373,7,0,0,0,0,1,1,1,2,0.0,1
3,1,0.38619566578980336,0,0,0.060703157266851084,7,0,0,0,0,0,1,1,2,0.0,0
1,1,0.48640861831391713,0,0,0.0,0,0,0,0,0,0,1,1,2,0.0,0
3,0,0.22334961793811853,0,0,0.060703157266851084,7,0,0,0,0,1,1,1,1,0.0,0
2,1,0.48640861831391713,0,0,0.10149724044618187,7,0,0,0,0,0,1,1,2,0.0,0
1,0,0.4112489039208318,1,0,0.20728859491124066,4,0,0,0,0,0,2,0,1,20.0,1
3,1,0.32356257046223225,0,0,0.06158149877071227,7,0,0,0,0,1,1,1,2,0.0,0
3,1,0.48640861831391713,0,0,0.06285021427628953,7,0,0,0,0,0,1,1,2,155.0,0
2,1,0.43630214205186024,0,0,0.08197854036037766,7,0,0,0,0,0,1,1,2,0.0,0
3,0,0.07303018915194788,4,2,0.03488270543905866,7,0,0,0,1,0,7,0,1,119.0,0
3,1,0.37993235625704624,0,0,0.06285021427628955,7,0,0,0,0,0,1,1,2,0.0,0
1,1,0.5239884755104598,0,0,0.0,1,0,1,0,0,0,1,1,2,5.0,0
3,0,0.28598271326568964,0,0,0.06187427927199933,7,0,0,0,0,1,1,1,1,0.0,0
2,1,0.38619566578980336,1,1,0.09630318422868213,7,1,0,0,0,0,3,0,2,202.0,0
3,1,0.536515094575974,0,0,0.05035824622137485,7,0,0,0,0,0,1,1,2,0.0,0
3,1,0.12313666541400477,3,2,0.036304782159595816,7,0,0,0,1,0,6,0,0,120.0,0
1,0,0.6492546661656019,1,1,0.18249984580226933,1,0,0,0,0,0,3,0,1,30.0,1
3,1,0.33608918952774647,0,0,0.06763229579731157,7,0,0,0,0,1,1,1,2,0.0,1
1,1,0.4738819992484029,0,0,0.0,7,0,0,0,0,0,1,1,3,0.0,0
3,0,0.33608918952774647,0,1,0.04869915671408149,4,0,0,0,0,1,2,0,1,151.0,1
3,1,0.02292371288989102,4,1,0.044265623408877394,7,0,0,1,0,0,6,0,0,106.0,0
3,1,0.311035951396718,0,0,0.05426198623853569,7,2,1,0,0,0,1,1,2,0.0,0
3,1,0.311035951396718,0,0,0.055136228815378864,7,0,1,0,0,0,1,1,2,38.0,0
2,1,0.0103970938243768,0,2,0.09630318422868213,7,1,0,1,0,0,3,0,0,202.0,1
3,1,0.311035951396718,0,0,0.060507970265993034,7,2,1,0,0,0,1,1,2,0.0,1
1,0,0.7745208568207441,0,0,0.31229920137286726,1,1,0,0,0,0,1,1,1,11.0,1
3,0,0.18576976074157586,1,0,0.05642543895604623,7,1,0,0,0,0,2,0,1,83.0,1
2,1,0.008267568583239383,1,1,0.04879675021451051,7,0,0,1,0,0,3,0,0,102.0,1
3,1,0.311035951396718,0,0,0.0564418346641183,7,1,1,0,0,0,1,1,2,0.0,0
3,1,0.28598271326568964,0,0,0.061321509685569354,7,0,0,0,0,1,1,1,2,0.0,0
3,1,0.22334961793811853,0,0,0.06480208428486997,7,0,0,0,0,1,1,1,2,0.0,0
1,0,0.48640861831391713,1,1,0.2164189223127109,4,1,0,0,0,0,3,0,1,195.0,1
3,1,0.2609294751346612,0,0,0.06763229579731157,7,0,0,0,0,1,1,1,2,0.0,0
3,1,0.311035951396718,0,0,0.06285021427628955,7,0,1,0,0,0,1,1,2,0.0,0
3,1,0.3987222848553176,0,0,0.055136228815378864,7,0,0,0,0,0,1,1,2,38.0,1
1,1,0.5239884755104598,0,0,0.23188215701935394,2,1,1,0,0,0,1,1,2,0.0,1
3,1,0.24840285606914697,0,0,0.06187427927199933,7,0,0,0,0,1,1,1,2,0.0,0
2,1,0.19829637980709008,0,0,0.04098927018018883,7,0,0,0,0,1,1,1,2,204.0,0
1,0,0.37366904672428913,0,0,0.12101594053198607,7,1,0,0,0,1,1,1,1,18.0,1
3,1,0.43003883251910313,0,0,0.05026065272094583,7,1,0,0,0,0,1,1,2,0.0,0
3,1,0.2108229988726043,0,0,0.06763229579731157,7,0,0,0,0,1,1,1,2,0.0,0
3,1,0.5239884755104598,0,0,0.058946474259128696,7,0,0,0,0,0,1,1,2,0.0,0
3,1,0.311035951396718,8,2,0.04936456694427936,7,0,1,0,0,0,11,0,2,171.0,0
3,1,0.43630214205186024,0,0,0.061646300854997144,7,1,0,0,0,0,1,1,2,0.0,0
2,1,0.3486158085932607,0,1,0.0858822803775385,7,0,0,0,0,1,2,0,3,70.0,0
1,0,0.44882876111737446,1,0,0.34783963123710304,2,1,1,0,0,0,2,0,1,41.0,1
3,1,0.04797695102091946,4,2,0.03488270543905866,7,0,0,1,0,0,7,0,0,119.0,0
3,1,0.9248402856069148,0,0,0.060703157266851084,7,0,0,0,0,0,1,1,2,0.0,0
3,0,0.11061004634849055,1,1,0.03967709303575383,7,1,0,0,1,0,3,0,1,91.0,0
1,0,0.19829637980709008,0,1,0.15380735667613712,3,0,0,0,0,1,2,0,1,186.0,1
2,0,0.5490417136414882,1,0,0.10149724044618187,7,0,0,0,0,0,2,0,1,67.0,0
3,0,0.22334961793811853,0,1,0.036499969160453866,7,0,0,0,0,1,2,0,1,150.0,1
1,0,0.5615683327070025,1,1,0.32179836714362564,7,0,0,0,0,0,3,0,1,138.0,1
1,1,0.6367280471000877,0,0,0.20728859491124066,4,0,0,0,0,0,1,1,2,0.0,1
3,0,0.2985093323312038,0,3,0.03758969818624431,7,1,0,0,0,1,4,0,1,88.0,1
3,1,0.311035951396718,0,0,0.0564418346641183,7,1,1,0,0,0,1,1,2,0.0,0
3,1,0.5114618564449456,2,0,0.055075135284110295,7,0,0,0,0,0,3,0,2,126.0,0
2,1,0.2609294751346612,1,0,0.08978602039469935,7,0,0,0,0,1,2,0,2,0.0,0
1,0,0.599148189903545,0,0,0.20244171130593377,3,0,0,0,0,0,1,1,1,0.0,1
3,0,0.2734560942001754,8,2,0.04936456694427936,7,0,1,0,0,0,11,0,1,171.0,0
2,1,0.2985093323312038,0,0,0.10149724044618187,7,0,0,0,0,1,1,1,2,0.0,0
2,0,0.5239884755104598,0,0,0.10149724044618187,7,0,0,0,0,0,1,1,1,0.0,1
2,0,0.33608918952774647,1,0,0.10819840055964017,7,1,0,0,0,1,2,0,1,0.0,1
1,1,0.38619566578980336,0,0,0.39424495031710083,0,0,0,0,0,0,1,1,2,0.0,0
3,1,0.311035951396718,0,0,0.07417106032605598,7,0,1,0,0,0,1,1,2,0.0,0
3,1,0.04797695102091946,1,1,0.028974339155371193,7,0,0,1,0,0,3,0,0,121.0,1
3,1,0.32356257046223225,0,0,0.061646300854997144,7,0,0,0,0,1,1,1,2,0.0,0
1,0,0.5866215708380309,1,1,0.20515793360987428,3,0,0,0,0,0,3,0,1,22.0,1
1,1,0.4112489039208318,0,0,0.03903740017160841,1,0,0,0,0,0,1,1,2,0.0,0
3,1,0.5866215708380309,0,0,0.07026732030889514,7,0,0,0,0,0,1,1,2,0.0,0
2,0,0.3486158085932607,1,0,0.09368976041186018,7,1,0,0,0,1,2,0,1,177.0,1
3,0,0.18576976074157586,0,0,0.05640904324797415,7,1,0,0,0,0,1,1,1,0.0,1
3,1,0.24840285606914697,0,0,0.03843544346096221,7,0,0,0,0,1,1,1,2,154.0,0
3,1,0.23587623700363275,0,0,0.061646300854997144,7,0,0,0,0,1,1,1,2,0.0,0
3,1,0.311035951396718,0,0,0.061646300854997144,7,0,1,0,0,0,1,1,2,0.0,0
1,0,0.6993611424276588,0,1,0.2164189223127109,2,1,0,0,0,0,2,0,1,25.0,1
2,0,0.311035951396718,0,1,0.10149724044618187,7,0,0,0,0,1,2,0,1,57.0,1
3,1,0.4112489039208318,0,0,0.061646300854997144,7,0,0,0,0,0,1,1,2,0.0,0
3,0,0.2734560942001754,0,0,0.08210892527695084,7,0,0,0,0,1,1,1,1,0.0,0
2,1,0.3486158085932607,0,0,0.08197854036037766,7,0,0,0,0,1,1,1,2,0.0,0
3,1,0.311035951396718,0,0,0.05504273424196786,7,0,0,0,0,1,1,1,2,0.0,0
3,0,0.48640861831391713,0,5,0.037898809333269834,7,2,0,0,0,0,6,0,1,148.0,0
2,1,0.33608918952774647,0,0,0.10149724044618187,7,0,0,0,0,1,1,1,3,0.0,0
1,0,0.23587623700363275,0,0,0.23422440102965048,1,0,0,0,0,1,1,1,1,0.0,1
3,0,0.2734560942001754,1,2,0.04577135170121086,7,0,1,0,0,0,4,0,1,212.0,0
1,1,0.32356257046223225,0,0,0.23422440102965048,2,1,0,0,0,1,1,1,2,0.0,1
3,1,0.3987222848553176,0,0,0.060507970265993034,7,2,0,0,0,0,1,1,2,0.0,0
